-- phpMyAdmin SQL Dump
-- version 5.0.1
-- https://www.phpmyadmin.net/
--
-- Host: localhost
-- Generation Time: Mar 01, 2020 at 07:30 PM
-- Server version: 10.4.11-MariaDB
-- PHP Version: 7.4.2

SET SQL_MODE = "NO_AUTO_VALUE_ON_ZERO";
SET AUTOCOMMIT = 0;
START TRANSACTION;
SET time_zone = "+00:00";


/*!40101 SET @OLD_CHARACTER_SET_CLIENT=@@CHARACTER_SET_CLIENT */;
/*!40101 SET @OLD_CHARACTER_SET_RESULTS=@@CHARACTER_SET_RESULTS */;
/*!40101 SET @OLD_COLLATION_CONNECTION=@@COLLATION_CONNECTION */;
/*!40101 SET NAMES utf8mb4 */;

--
-- Database: `Passport-API`
--

-- --------------------------------------------------------

--
-- Table structure for table `failed_jobs`
--

CREATE TABLE `failed_jobs` (
  `id` bigint(20) UNSIGNED NOT NULL,
  `connection` text COLLATE utf8mb4_unicode_ci NOT NULL,
  `queue` text COLLATE utf8mb4_unicode_ci NOT NULL,
  `payload` longtext COLLATE utf8mb4_unicode_ci NOT NULL,
  `exception` longtext COLLATE utf8mb4_unicode_ci NOT NULL,
  `failed_at` timestamp NOT NULL DEFAULT current_timestamp()
) ENGINE=InnoDB DEFAULT CHARSET=utf8mb4 COLLATE=utf8mb4_unicode_ci;

-- --------------------------------------------------------

--
-- Table structure for table `migrations`
--

CREATE TABLE `migrations` (
  `id` int(10) UNSIGNED NOT NULL,
  `migration` varchar(255) COLLATE utf8mb4_unicode_ci NOT NULL,
  `batch` int(11) NOT NULL
) ENGINE=InnoDB DEFAULT CHARSET=utf8mb4 COLLATE=utf8mb4_unicode_ci;

--
-- Dumping data for table `migrations`
--

INSERT INTO `migrations` (`id`, `migration`, `batch`) VALUES
(1, '2014_10_12_000000_create_users_table', 1),
(2, '2014_10_12_100000_create_password_resets_table', 1),
(3, '2019_08_19_000000_create_failed_jobs_table', 1),
(4, '2020_03_01_174921_create_products_table', 1),
(5, '2020_03_01_175903_create_reviews_table', 1);

-- --------------------------------------------------------

--
-- Table structure for table `password_resets`
--

CREATE TABLE `password_resets` (
  `email` varchar(255) COLLATE utf8mb4_unicode_ci NOT NULL,
  `token` varchar(255) COLLATE utf8mb4_unicode_ci NOT NULL,
  `created_at` timestamp NULL DEFAULT NULL
) ENGINE=InnoDB DEFAULT CHARSET=utf8mb4 COLLATE=utf8mb4_unicode_ci;

-- --------------------------------------------------------

--
-- Table structure for table `products`
--

CREATE TABLE `products` (
  `id` bigint(20) UNSIGNED NOT NULL,
  `name` varchar(255) COLLATE utf8mb4_unicode_ci NOT NULL,
  `detail` text COLLATE utf8mb4_unicode_ci NOT NULL,
  `price` int(11) NOT NULL,
  `stock` int(11) NOT NULL,
  `discount` int(11) NOT NULL,
  `created_at` timestamp NULL DEFAULT NULL,
  `updated_at` timestamp NULL DEFAULT NULL
) ENGINE=InnoDB DEFAULT CHARSET=utf8mb4 COLLATE=utf8mb4_unicode_ci;

--
-- Dumping data for table `products`
--

INSERT INTO `products` (`id`, `name`, `detail`, `price`, `stock`, `discount`, `created_at`, `updated_at`) VALUES
(1, 'animi', 'Est quibusdam ut iure ratione. Eos magni rerum aut a amet reprehenderit. Sunt quas eos iusto libero inventore. Ducimus ea ex quia nulla et.', 284, 0, 4, '2020-03-01 11:59:18', '2020-03-01 11:59:18'),
(2, 'iure', 'Quos repellendus est aut veritatis blanditiis. Nam ut et sunt et. Dicta molestiae ipsum sed quia at nesciunt atque delectus.', 958, 6, 27, '2020-03-01 11:59:18', '2020-03-01 11:59:18'),
(3, 'placeat', 'Molestiae deserunt vel ut optio. Excepturi ea aut unde repudiandae neque. Ea voluptatem porro quo illum doloremque. Inventore eligendi ipsam fugit quam atque sed.', 369, 0, 20, '2020-03-01 11:59:18', '2020-03-01 11:59:18'),
(4, 'aut', 'In deleniti sed doloribus possimus maxime repudiandae. Illum et optio nihil ut incidunt enim. Id accusantium voluptatibus fuga rem voluptatem consectetur odio in. Nesciunt iste aut qui voluptates aut magnam at amet.', 476, 1, 29, '2020-03-01 11:59:18', '2020-03-01 11:59:18'),
(5, 'corrupti', 'Eaque sequi voluptas quibusdam a excepturi. Ex nobis cupiditate at est sapiente doloremque. Amet sit et omnis et et. Odio earum at magni voluptas dolor rerum est fuga.', 545, 4, 22, '2020-03-01 11:59:18', '2020-03-01 11:59:18'),
(6, 'tenetur', 'Modi numquam officia vero tempora aut adipisci neque nam. Tempore nulla odio molestiae.', 856, 8, 11, '2020-03-01 11:59:18', '2020-03-01 11:59:18'),
(7, 'distinctio', 'Officiis nihil sit perspiciatis architecto animi nihil. Commodi voluptatum dolorem officiis ut maiores consequatur. Id eos occaecati ipsum aut dolorem et. Dolores sunt itaque delectus.', 455, 3, 20, '2020-03-01 11:59:18', '2020-03-01 11:59:18'),
(8, 'aperiam', 'Doloremque quae quo qui soluta aspernatur ullam. Dolores temporibus provident commodi ut exercitationem explicabo optio. Modi voluptas nisi commodi quia vero.', 884, 7, 26, '2020-03-01 11:59:18', '2020-03-01 11:59:18'),
(9, 'placeat', 'Aperiam dolorem et eos eius ratione in qui. Itaque praesentium officiis molestiae perferendis harum et in sunt. A vero ipsam iste autem sunt autem.', 243, 8, 21, '2020-03-01 11:59:18', '2020-03-01 11:59:18'),
(10, 'est', 'Doloribus nemo laudantium doloribus facilis est. Ut quibusdam cum delectus qui est similique totam. Mollitia dolorem aut qui ipsam.', 228, 1, 5, '2020-03-01 11:59:18', '2020-03-01 11:59:18'),
(11, 'dicta', 'Velit sunt maxime eum sunt fugit qui nam. Nostrum adipisci occaecati est consequuntur quo. Eveniet quia odit id.', 457, 3, 30, '2020-03-01 11:59:18', '2020-03-01 11:59:18'),
(12, 'rem', 'Dolorem amet quia architecto quis ullam tempora velit. Eligendi deserunt aut pariatur iusto molestias expedita. Rerum et omnis corporis adipisci soluta libero fuga. Qui non quis quidem et atque minima.', 419, 7, 27, '2020-03-01 11:59:18', '2020-03-01 11:59:18'),
(13, 'cupiditate', 'Accusantium et dolore similique voluptatem id. Est molestias non odio neque officia nihil modi. Quam aspernatur officiis officia doloribus et dolore. Illo excepturi voluptas atque animi occaecati ut autem aut.', 552, 7, 3, '2020-03-01 11:59:18', '2020-03-01 11:59:18'),
(14, 'nihil', 'Numquam animi sint minima et et. Et reiciendis deserunt quia exercitationem perferendis recusandae. Incidunt dolorem corporis quisquam asperiores reprehenderit laboriosam voluptatem. Corrupti nihil non ipsa architecto exercitationem sapiente fuga. Placeat molestiae velit est sit nulla.', 812, 3, 19, '2020-03-01 11:59:18', '2020-03-01 11:59:18'),
(15, 'laborum', 'Ut placeat qui repudiandae culpa. Aspernatur tenetur quia excepturi officia. Omnis aspernatur consequuntur nihil. Iusto voluptas ut fugiat eius ut ex in unde.', 206, 1, 15, '2020-03-01 11:59:18', '2020-03-01 11:59:18'),
(16, 'eum', 'Neque sit voluptatem magni ducimus nisi. Est aut magni dolorem voluptas quo laudantium iure. Necessitatibus error consequatur voluptates tenetur consectetur.', 150, 7, 21, '2020-03-01 11:59:18', '2020-03-01 11:59:18'),
(17, 'consequatur', 'Ipsam magni facilis suscipit aspernatur asperiores. Ut omnis rerum dolore qui laudantium velit labore. Sint non id officia veniam. Dicta similique tempore dolorum sunt.', 571, 5, 30, '2020-03-01 11:59:18', '2020-03-01 11:59:18'),
(18, 'quia', 'Reiciendis voluptatum perspiciatis hic assumenda. Atque nisi voluptates hic quae praesentium magni. Laborum et dolorem incidunt voluptas consequatur.', 599, 9, 22, '2020-03-01 11:59:18', '2020-03-01 11:59:18'),
(19, 'eveniet', 'Rerum in quo nobis quod. Debitis eum incidunt aut eius. Consequatur perspiciatis ullam consequatur sunt fugiat sed. Et fugiat necessitatibus temporibus non a. Et consequatur rerum laboriosam delectus voluptate voluptate non sunt.', 213, 5, 3, '2020-03-01 11:59:18', '2020-03-01 11:59:18'),
(20, 'fugit', 'Aut quis enim aut qui. Ea quia debitis quis qui consequatur. Temporibus neque dolor amet non. Error id repellendus sequi sed voluptatem iusto. Voluptas dolores maiores tenetur debitis et.', 968, 0, 7, '2020-03-01 11:59:18', '2020-03-01 11:59:18'),
(21, 'nulla', 'Et laborum suscipit aut et est et. Odit qui consectetur fuga ea. Quia sed enim molestiae veritatis aut.', 111, 3, 29, '2020-03-01 11:59:18', '2020-03-01 11:59:18'),
(22, 'quis', 'Cumque consequatur iste ab sapiente aut odio. Atque eveniet qui itaque magnam est. Earum dolorum et aspernatur sint maxime qui. Quod qui itaque sed dolores ut eum sequi.', 416, 8, 28, '2020-03-01 11:59:18', '2020-03-01 11:59:18'),
(23, 'quia', 'Quia praesentium consectetur labore saepe atque id. Numquam aut recusandae et vel voluptatem est harum. Voluptas eius est aperiam illum vel rerum eligendi.', 772, 1, 6, '2020-03-01 11:59:18', '2020-03-01 11:59:18'),
(24, 'explicabo', 'Ipsam repellendus culpa nesciunt aut fuga architecto. Exercitationem dicta inventore ut eaque sint et modi unde. Explicabo quia ea facere nobis voluptatum ullam.', 185, 0, 17, '2020-03-01 11:59:18', '2020-03-01 11:59:18'),
(25, 'soluta', 'Voluptatibus facere praesentium et autem asperiores voluptatem. Asperiores est debitis repellendus qui omnis quidem.', 588, 7, 26, '2020-03-01 11:59:18', '2020-03-01 11:59:18'),
(26, 'expedita', 'Nemo qui quibusdam aliquid vero animi in et deleniti. Eveniet molestiae et aperiam dolores soluta eligendi fugiat. Voluptatem adipisci aut autem repellat. Esse corrupti et id eius. In aut quisquam a totam architecto voluptate a.', 843, 8, 7, '2020-03-01 11:59:19', '2020-03-01 11:59:19'),
(27, 'illo', 'In veritatis fugiat aut fugiat id. Molestiae iste sequi vel fugiat laboriosam labore. Voluptas et excepturi aut tempora.', 980, 9, 7, '2020-03-01 11:59:19', '2020-03-01 11:59:19'),
(28, 'atque', 'Et tenetur qui accusamus laboriosam laudantium iusto magni. Et corrupti enim repellendus autem aut molestiae est. Id maxime voluptatem qui ea.', 418, 0, 28, '2020-03-01 11:59:19', '2020-03-01 11:59:19'),
(29, 'eaque', 'Occaecati a eveniet rerum inventore quo ut. Repellat amet officiis praesentium nihil voluptatibus odio et. Autem ut et omnis ipsam dolores.', 261, 8, 3, '2020-03-01 11:59:19', '2020-03-01 11:59:19'),
(30, 'quo', 'Autem mollitia quos assumenda laborum ea placeat quidem. Mollitia consectetur culpa dolores id suscipit eos. Commodi quaerat dolorem est occaecati dolore.', 642, 3, 3, '2020-03-01 11:59:19', '2020-03-01 11:59:19'),
(31, 'saepe', 'Molestias quo sit nisi nam in et. Nemo expedita ea et qui perspiciatis temporibus cupiditate. Ad cupiditate earum numquam asperiores ea laboriosam inventore. Rerum quaerat dolorum rerum non debitis vel. Autem commodi quo quia similique optio dolores voluptatem omnis.', 515, 2, 26, '2020-03-01 11:59:19', '2020-03-01 11:59:19'),
(32, 'quaerat', 'Voluptates voluptatem adipisci quos autem. Non dolore quisquam velit sit exercitationem quaerat. Veritatis odit qui quaerat. Odit iure rerum ex itaque consequuntur minus.', 469, 8, 12, '2020-03-01 11:59:19', '2020-03-01 11:59:19'),
(33, 'odio', 'Qui molestiae dolore dicta nulla dolor perferendis dolor. Voluptatem repudiandae accusamus suscipit cumque magnam. Excepturi eius ut dicta aut ut quo.', 323, 7, 28, '2020-03-01 11:59:19', '2020-03-01 11:59:19'),
(34, 'optio', 'Aut quas earum adipisci laudantium. Possimus eos voluptatem et sit recusandae fugit. In aut voluptatem corporis cum velit.', 559, 1, 17, '2020-03-01 11:59:19', '2020-03-01 11:59:19'),
(35, 'dolorem', 'Neque voluptas iure id qui. Quis necessitatibus modi quasi cupiditate aut quibusdam qui. Et ratione cupiditate qui in impedit et et.', 247, 5, 27, '2020-03-01 11:59:19', '2020-03-01 11:59:19'),
(36, 'quod', 'Qui tenetur similique aperiam ut qui consequatur et. Sit ut non et eius culpa et. Consequatur magni placeat est autem ut at molestiae velit. Maiores deserunt recusandae sit.', 444, 3, 19, '2020-03-01 11:59:19', '2020-03-01 11:59:19'),
(37, 'voluptatem', 'In vitae aperiam quia veritatis corrupti qui et repellendus. Possimus ullam quam nisi voluptas reprehenderit. Dicta et ut delectus facere natus.', 648, 1, 9, '2020-03-01 11:59:19', '2020-03-01 11:59:19'),
(38, 'alias', 'Aspernatur excepturi sit id sint quasi et qui dicta. Et commodi illum natus rerum rerum.', 596, 0, 5, '2020-03-01 11:59:19', '2020-03-01 11:59:19'),
(39, 'dolorum', 'Sed labore officia sapiente deserunt voluptas beatae reiciendis. Dolorum illo est omnis aut. Minus neque laudantium omnis id assumenda voluptatem sint.', 462, 3, 21, '2020-03-01 11:59:19', '2020-03-01 11:59:19'),
(40, 'id', 'Eos nemo consectetur excepturi voluptatem. Ipsum qui quo corrupti doloremque. Quibusdam necessitatibus molestias itaque et.', 726, 1, 15, '2020-03-01 11:59:19', '2020-03-01 11:59:19'),
(41, 'fuga', 'Ipsa autem omnis dolor voluptatem mollitia. Blanditiis at est alias iusto corrupti. Voluptatem fugiat at velit sit velit sequi velit. Ad cum eos beatae debitis pariatur.', 409, 9, 20, '2020-03-01 11:59:19', '2020-03-01 11:59:19'),
(42, 'dolorum', 'Unde harum hic qui voluptas. Sed pariatur vel quisquam debitis qui. Itaque quis accusantium officia consequatur quo minus.', 752, 2, 4, '2020-03-01 11:59:19', '2020-03-01 11:59:19'),
(43, 'quia', 'Sint dolores illo qui est. Voluptas saepe nostrum aut velit quia illo. Illo suscipit officia quia.', 242, 9, 2, '2020-03-01 11:59:19', '2020-03-01 11:59:19'),
(44, 'est', 'Ut quas quod quae animi consequuntur tempora cum. Culpa ea molestias tempora a. Deserunt quasi quidem eos suscipit. Laudantium sunt earum nemo aliquid omnis vel cumque corrupti. Fuga quibusdam quisquam totam.', 947, 5, 18, '2020-03-01 11:59:19', '2020-03-01 11:59:19'),
(45, 'ad', 'Voluptatum odio nulla est odit consequatur. Aperiam fugit voluptatum itaque dolorum. Vero atque inventore cum nihil facere et.', 751, 6, 25, '2020-03-01 11:59:19', '2020-03-01 11:59:19'),
(46, 'fugit', 'Error accusantium qui illo in quae laborum. Inventore earum ut expedita quibusdam sunt consequatur.', 712, 4, 4, '2020-03-01 11:59:19', '2020-03-01 11:59:19'),
(47, 'quis', 'Facilis qui eius ex hic consequatur non. Officia velit et quos sit. Et est labore sint aspernatur. Incidunt illum impedit ipsa rerum ut ipsum impedit itaque. Quam non placeat repudiandae voluptas voluptatem praesentium neque.', 500, 5, 11, '2020-03-01 11:59:19', '2020-03-01 11:59:19'),
(48, 'maiores', 'Cum ea quaerat omnis ad praesentium quos. Quaerat et nostrum rerum omnis. Omnis quam est magni qui a et quo maiores. Voluptatem officiis aut qui consequatur qui.', 909, 2, 8, '2020-03-01 11:59:19', '2020-03-01 11:59:19'),
(49, 'corrupti', 'Possimus aut expedita vitae asperiores et deleniti magnam. Autem maxime eos similique at. Odit quisquam nihil voluptas et ex amet aut. Est quos quae adipisci ut repellat inventore nihil.', 832, 1, 24, '2020-03-01 11:59:20', '2020-03-01 11:59:20'),
(50, 'velit', 'Asperiores sunt aliquam blanditiis perferendis molestiae asperiores. Nesciunt omnis sint dolorem magni consequatur sapiente ullam. Est tempora ipsum est pariatur quia quia incidunt.', 518, 7, 28, '2020-03-01 11:59:20', '2020-03-01 11:59:20');

-- --------------------------------------------------------

--
-- Table structure for table `reviews`
--

CREATE TABLE `reviews` (
  `id` bigint(20) UNSIGNED NOT NULL,
  `product_id` bigint(20) UNSIGNED NOT NULL,
  `customer` varchar(255) COLLATE utf8mb4_unicode_ci NOT NULL,
  `review` text COLLATE utf8mb4_unicode_ci NOT NULL,
  `star` int(11) NOT NULL,
  `created_at` timestamp NULL DEFAULT NULL,
  `updated_at` timestamp NULL DEFAULT NULL
) ENGINE=InnoDB DEFAULT CHARSET=utf8mb4 COLLATE=utf8mb4_unicode_ci;

--
-- Dumping data for table `reviews`
--

INSERT INTO `reviews` (`id`, `product_id`, `customer`, `review`, `star`, `created_at`, `updated_at`) VALUES
(1, 45, 'Prof. Eveline DuBuque', 'Magni quo minima ratione repellat a. Nemo deserunt sed fugit explicabo possimus ipsum. Accusantium eos et dignissimos eaque voluptas quaerat. Corrupti distinctio deleniti et.', 3, '2020-03-01 11:59:20', '2020-03-01 11:59:20'),
(2, 23, 'Magali Daniel', 'In excepturi porro dicta facilis. Expedita eveniet et nostrum sed. Mollitia quae alias quae vitae laboriosam.', 3, '2020-03-01 11:59:20', '2020-03-01 11:59:20'),
(3, 37, 'Adalberto Senger', 'Ut quis quia voluptatibus voluptas. Eum iusto rerum ipsum laborum cum. Atque quia omnis vitae et amet provident et. Ut dignissimos vel pariatur voluptatum dolor voluptatibus asperiores.', 3, '2020-03-01 11:59:20', '2020-03-01 11:59:20'),
(4, 26, 'Miller Ondricka', 'Et sunt beatae occaecati qui. Magnam esse nemo hic harum voluptatum aut consequatur.', 4, '2020-03-01 11:59:20', '2020-03-01 11:59:20'),
(5, 18, 'Citlalli Wiegand', 'Sed culpa accusantium asperiores assumenda. Quas quisquam voluptate odio libero. Quibusdam quo quisquam repellendus possimus nostrum. Voluptas corrupti temporibus dolor suscipit error velit sunt. Minus quaerat iure qui debitis at modi.', 4, '2020-03-01 11:59:20', '2020-03-01 11:59:20'),
(6, 31, 'Jayda Kuhic', 'Ut nihil quia aliquam a vel repudiandae. Voluptas vitae saepe facere iure pariatur voluptatem repellat. Culpa molestiae et eos voluptatem id excepturi. Eos ipsum placeat at modi amet laudantium.', 5, '2020-03-01 11:59:20', '2020-03-01 11:59:20'),
(7, 26, 'Emmie Wilderman', 'Quibusdam beatae aut temporibus enim ut quidem et. Praesentium illum alias qui ut ipsum. Et aut corrupti eius exercitationem id sit atque maiores.', 1, '2020-03-01 11:59:20', '2020-03-01 11:59:20'),
(8, 18, 'Arno Kreiger', 'Ea pariatur sed nam cupiditate labore sit possimus. Suscipit dignissimos dolores aspernatur adipisci impedit ea. Molestiae voluptatum hic aperiam non.', 5, '2020-03-01 11:59:20', '2020-03-01 11:59:20'),
(9, 45, 'Alexie Lubowitz', 'Velit tenetur suscipit soluta nihil. Tempora blanditiis est possimus quae sequi voluptas. Enim qui ut nulla distinctio dolor molestiae natus dolorum.', 3, '2020-03-01 11:59:20', '2020-03-01 11:59:20'),
(10, 35, 'Rosalee Lind', 'Est ipsam facilis est sed ut saepe. Inventore aut autem magnam reprehenderit. Quis vitae possimus aut distinctio ut. Deleniti tenetur aliquid officia et sit aspernatur libero.', 2, '2020-03-01 11:59:21', '2020-03-01 11:59:21'),
(11, 33, 'Chase Murphy', 'Sit suscipit rerum ea aut velit. Est quia similique aut.', 4, '2020-03-01 11:59:21', '2020-03-01 11:59:21'),
(12, 49, 'Rosario Anderson', 'Ea laboriosam libero ratione beatae qui ipsam repudiandae vitae. Non rerum tenetur inventore nam voluptas. Facilis quidem consequatur velit perferendis voluptatum.', 5, '2020-03-01 11:59:21', '2020-03-01 11:59:21'),
(13, 41, 'Marianna Steuber', 'Perspiciatis reiciendis saepe eum ad aliquam tempora. Impedit et dolor eum qui alias sint in. Laudantium sit animi natus aut nisi sed eos. Enim sit recusandae omnis cum voluptas consequatur perferendis eaque. Voluptas officia incidunt voluptatem aut itaque sint ut.', 1, '2020-03-01 11:59:21', '2020-03-01 11:59:21'),
(14, 37, 'Kariane Marquardt IV', 'Voluptatem est dolorum aliquam ipsam quae iusto ea. Molestiae quia repellat quisquam est cumque nisi. Minus optio at minima illo illum animi quia.', 4, '2020-03-01 11:59:21', '2020-03-01 11:59:21'),
(15, 44, 'Hermina O\'Conner', 'Ut dolores et aut harum adipisci autem maxime. Consequatur quia accusantium facere velit qui. Eligendi ratione doloribus sunt debitis quam placeat.', 4, '2020-03-01 11:59:21', '2020-03-01 11:59:21'),
(16, 26, 'Bethel Boyle', 'Neque fuga ipsum hic id. Quo vero inventore error corporis. Aut fuga dolor sed ut vitae corrupti earum.', 1, '2020-03-01 11:59:21', '2020-03-01 11:59:21'),
(17, 15, 'Karson Torp', 'Ea nam neque nulla eum natus. Repellat illo labore quo non. Quod autem quia praesentium aut.', 5, '2020-03-01 11:59:21', '2020-03-01 11:59:21'),
(18, 8, 'Prof. Regan Paucek Sr.', 'Optio unde quasi exercitationem illum labore. Facere aperiam praesentium error.', 0, '2020-03-01 11:59:21', '2020-03-01 11:59:21'),
(19, 17, 'Ms. Retta Boyer Sr.', 'Et in libero qui eveniet. Officia adipisci eligendi architecto veritatis. Repellat voluptatem dolorem consequatur veniam veritatis. Eos libero repellendus eaque aut perferendis accusamus.', 3, '2020-03-01 11:59:21', '2020-03-01 11:59:21'),
(20, 37, 'Neal Thiel', 'Sit corrupti repellendus accusamus dolorem voluptatibus libero sit voluptatem. Velit dolorum quaerat vel labore voluptatem ad. Cum saepe repellat perspiciatis id architecto quaerat magnam. Qui accusantium porro quia necessitatibus rem optio voluptas.', 5, '2020-03-01 11:59:21', '2020-03-01 11:59:21'),
(21, 28, 'Mack Schaefer', 'Autem blanditiis unde praesentium eum architecto rem exercitationem recusandae. Est rem a natus nemo. Fuga amet ullam debitis autem et ut possimus. Qui velit ut maxime velit quis neque dolor.', 0, '2020-03-01 11:59:21', '2020-03-01 11:59:21'),
(22, 2, 'Mr. Edison Gleason Sr.', 'Consequatur qui molestias alias modi et aspernatur velit. Commodi suscipit hic quibusdam est voluptas. Nisi nostrum dolore omnis voluptas et. Rerum doloribus ducimus iusto adipisci dolor iure.', 1, '2020-03-01 11:59:21', '2020-03-01 11:59:21'),
(23, 18, 'Fatima Berge', 'Totam ratione doloremque consequatur dolor. Modi molestias quam est non ratione. Fugit voluptate veniam architecto quod consectetur accusantium. Iure adipisci alias voluptas.', 1, '2020-03-01 11:59:21', '2020-03-01 11:59:21'),
(24, 31, 'Prof. Maddison McGlynn', 'Nam dolore excepturi ratione sint dolorum nesciunt. Consequatur dolorem accusantium itaque nesciunt ex non voluptatibus. Sint excepturi adipisci doloremque possimus corporis labore.', 5, '2020-03-01 11:59:22', '2020-03-01 11:59:22'),
(25, 8, 'Willard Parisian', 'Rerum possimus dolor velit incidunt. Sed soluta ut architecto odit quos sequi. Fugiat beatae ut voluptatibus assumenda sequi animi. Et asperiores magni praesentium veritatis sit sed reprehenderit.', 4, '2020-03-01 11:59:22', '2020-03-01 11:59:22'),
(26, 11, 'Kale Bashirian', 'Dolores repudiandae qui impedit voluptate ipsa. Est molestiae eos perspiciatis omnis ullam praesentium. Ratione ducimus cumque sunt quidem ad laboriosam et. Possimus iste distinctio est voluptas.', 3, '2020-03-01 11:59:22', '2020-03-01 11:59:22'),
(27, 7, 'Dr. Cordelia Lowe III', 'Et tempore voluptas consequatur ab. Sunt perspiciatis et sed dolores quis laborum alias dolor. Libero reiciendis dolorum repudiandae nobis.', 1, '2020-03-01 11:59:22', '2020-03-01 11:59:22'),
(28, 26, 'Claude Schmitt', 'Aut fuga quia excepturi. Aut libero sequi omnis doloremque sed. Excepturi illum placeat libero autem tenetur. Accusamus labore natus molestias et. Laboriosam tenetur quo commodi sit dolores eos aut.', 4, '2020-03-01 11:59:22', '2020-03-01 11:59:22'),
(29, 8, 'Dr. Marguerite Hoppe PhD', 'Labore nulla adipisci dolor iure. Et cupiditate quisquam eveniet in. Cumque quo nisi voluptatum vero similique.', 5, '2020-03-01 11:59:22', '2020-03-01 11:59:22'),
(30, 28, 'Johnpaul Langworth', 'Odit optio et et. Et animi corporis qui perspiciatis. Placeat illum porro excepturi numquam consectetur error aut.', 2, '2020-03-01 11:59:22', '2020-03-01 11:59:22'),
(31, 13, 'Carmela Rogahn Jr.', 'Facere suscipit voluptatibus est accusamus placeat. Expedita natus aut quaerat architecto. Voluptatem autem voluptas voluptatem consectetur. Non optio quia commodi nam minus.', 0, '2020-03-01 11:59:22', '2020-03-01 11:59:22'),
(32, 36, 'Mr. Colby O\'Keefe I', 'Ut quisquam eligendi corporis sed est a nulla. Hic repellendus ducimus mollitia repellendus blanditiis hic fuga et. Voluptatem necessitatibus debitis recusandae non consequatur deserunt. Sint quidem dicta ullam.', 4, '2020-03-01 11:59:22', '2020-03-01 11:59:22'),
(33, 49, 'Norma Gislason', 'Doloremque consequatur odio officia sunt officiis totam. Vel et veritatis perspiciatis eum eveniet consequuntur. Velit porro accusantium dicta omnis aut sapiente ut occaecati. Recusandae facilis sapiente vel id voluptatem.', 2, '2020-03-01 11:59:22', '2020-03-01 11:59:22'),
(34, 1, 'Mallie Roberts', 'Et veritatis molestias magnam et perspiciatis temporibus sit. Non ipsum ab reprehenderit soluta libero modi ut. Enim quod assumenda beatae non minus.', 5, '2020-03-01 11:59:22', '2020-03-01 11:59:22'),
(35, 27, 'Felicia Weber', 'Et inventore cum voluptatem. Eos labore temporibus praesentium dolorem ipsum qui. Aut omnis molestiae ex placeat sint.', 2, '2020-03-01 11:59:22', '2020-03-01 11:59:22'),
(36, 11, 'Dr. Chad Mann II', 'Cupiditate reiciendis autem blanditiis ea. Eum nostrum aut expedita cum.', 0, '2020-03-01 11:59:22', '2020-03-01 11:59:22'),
(37, 25, 'Shane Wiegand', 'Ea ipsum earum nesciunt neque aut. Consectetur recusandae voluptate maiores. Facere dolor expedita enim sit qui quasi distinctio.', 0, '2020-03-01 11:59:22', '2020-03-01 11:59:22'),
(38, 40, 'Miracle Medhurst', 'Laborum repellendus eaque velit voluptas aut est facere consequatur. Perspiciatis consequatur tenetur provident ullam quam recusandae. Facere amet et sapiente sunt quia veniam laborum. Distinctio facere voluptas totam delectus repellat doloribus.', 5, '2020-03-01 11:59:22', '2020-03-01 11:59:22'),
(39, 3, 'Estevan Bechtelar II', 'Et quaerat doloribus animi cupiditate perspiciatis rerum tempore. Iure voluptates ut et aliquid quia quo saepe. Fuga placeat optio est rerum. Aut illum reprehenderit tempora qui.', 3, '2020-03-01 11:59:22', '2020-03-01 11:59:22'),
(40, 6, 'Hoyt Windler', 'Molestias amet labore iste voluptates quasi nam ab. Corrupti exercitationem quam sequi ullam. Rerum sed earum nisi id ut sint voluptate.', 1, '2020-03-01 11:59:22', '2020-03-01 11:59:22'),
(41, 49, 'Flavie Rolfson V', 'Dolorem debitis architecto et fuga voluptatibus iste minus. Eum possimus eum voluptates neque molestiae aperiam est. Aliquid totam quam et voluptatum omnis odit est. Molestias quia dolores impedit.', 1, '2020-03-01 11:59:22', '2020-03-01 11:59:22'),
(42, 35, 'Zetta Von', 'Ut eligendi nisi vel non. Ab nostrum sint rerum. Dolorem ut at eius velit necessitatibus ducimus qui voluptatem.', 5, '2020-03-01 11:59:22', '2020-03-01 11:59:22'),
(43, 15, 'Jammie Schaefer', 'Voluptas quis voluptatum tempore animi. Suscipit ut consequatur non eius. Numquam odio dolore est qui fugit. Voluptatem placeat quo omnis enim necessitatibus omnis soluta.', 0, '2020-03-01 11:59:22', '2020-03-01 11:59:22'),
(44, 22, 'Janick Bayer III', 'Repellendus dolorem delectus repudiandae iure autem quas fugiat. Eum dolorem repellendus aliquam fuga facilis aut. Magnam quae sapiente libero qui dolore quaerat.', 4, '2020-03-01 11:59:23', '2020-03-01 11:59:23'),
(45, 8, 'Modesta Jaskolski', 'Aut et voluptatem tenetur voluptatem. Eos consectetur culpa vitae deleniti qui exercitationem. Voluptas quas vel eos quibusdam quia voluptatum.', 1, '2020-03-01 11:59:23', '2020-03-01 11:59:23'),
(46, 40, 'Lulu Abbott', 'Autem quia sit laborum odit blanditiis in. Dolorem doloremque maiores qui quia praesentium accusamus ut ratione. Ea consequatur voluptatum impedit amet mollitia repellat. Nam laborum iusto temporibus dolore fugiat ut numquam velit. Animi accusamus sit sit dolor laudantium ut.', 1, '2020-03-01 11:59:23', '2020-03-01 11:59:23'),
(47, 20, 'Hillard Considine I', 'Delectus alias ut enim qui iusto. Eveniet pariatur aperiam asperiores. Aliquid sint vero provident enim esse mollitia voluptatibus nam. A optio nam aut.', 4, '2020-03-01 11:59:23', '2020-03-01 11:59:23'),
(48, 43, 'Noemie Kling V', 'Voluptate quam voluptas repudiandae soluta. Nemo quas eligendi consectetur quibusdam. Rerum ut non eum ut dolores repudiandae. Consequatur quidem ratione doloribus consectetur corporis earum.', 2, '2020-03-01 11:59:23', '2020-03-01 11:59:23'),
(49, 44, 'Columbus Keebler IV', 'Nisi et ut odit doloribus voluptas. Vitae aut dolorum perspiciatis reprehenderit eaque cum ad. Qui aut nulla ipsum suscipit. Eos et omnis et atque.', 5, '2020-03-01 11:59:23', '2020-03-01 11:59:23'),
(50, 18, 'Claudie Howe', 'Sequi labore nihil sint quod provident dolores. Dicta impedit dolores sed et sunt. Sapiente sint rerum exercitationem facere itaque porro.', 4, '2020-03-01 11:59:23', '2020-03-01 11:59:23'),
(51, 15, 'Loy Durgan', 'Velit rerum sed aut qui qui nobis quam. Aut placeat fugit nobis rerum modi neque. Omnis dolorem voluptatibus accusamus rerum.', 5, '2020-03-01 11:59:23', '2020-03-01 11:59:23'),
(52, 48, 'Mr. Lorenz Robel', 'Impedit sit expedita repellendus. Molestiae ut voluptatum vero tempora minima fuga hic. Et autem et cum nostrum. Sit sed dolorum adipisci nemo dicta fugit quis.', 4, '2020-03-01 11:59:23', '2020-03-01 11:59:23'),
(53, 46, 'Brett Kshlerin', 'Inventore omnis quis voluptas quis excepturi doloremque. Ea voluptatibus et recusandae aut vel error saepe. Sed nemo nihil occaecati a eum facere. Vel vero repudiandae sequi reprehenderit est ut accusamus voluptatem.', 1, '2020-03-01 11:59:23', '2020-03-01 11:59:23'),
(54, 6, 'Larry Ward IV', 'Eum nisi ut repellendus exercitationem pariatur exercitationem. Velit est atque est rerum perferendis. Consequuntur aut laboriosam consequatur omnis.', 1, '2020-03-01 11:59:24', '2020-03-01 11:59:24'),
(55, 48, 'Kay Mitchell', 'Veritatis voluptatem eius molestiae. Dolorem ullam qui voluptas perspiciatis molestiae.', 4, '2020-03-01 11:59:24', '2020-03-01 11:59:24'),
(56, 17, 'Suzanne Kerluke', 'Vel autem suscipit vel aut quam ad. Nemo nostrum voluptatum nemo facere amet similique expedita. Commodi autem animi provident rerum ut voluptatem tenetur. Maiores eos et maiores architecto qui voluptates dolor nulla.', 2, '2020-03-01 11:59:24', '2020-03-01 11:59:24'),
(57, 43, 'Rubye Halvorson', 'Et commodi autem magnam qui adipisci provident magni. Minima cum corporis reprehenderit ut eos nulla enim. Qui cum in eos animi dicta alias temporibus. A nulla sit laborum illum cupiditate a.', 2, '2020-03-01 11:59:24', '2020-03-01 11:59:24'),
(58, 10, 'Christa Heller', 'Reprehenderit assumenda odit a pariatur. Architecto qui nihil sed vel. Officiis est labore quia velit assumenda voluptates.', 0, '2020-03-01 11:59:24', '2020-03-01 11:59:24'),
(59, 24, 'Mrs. Shyanne Haag DDS', 'Qui atque a distinctio. Veritatis alias pariatur ratione voluptatem aut. Dolore nisi eius nihil nemo amet perspiciatis nemo. Qui nisi omnis deleniti praesentium et quam.', 5, '2020-03-01 11:59:24', '2020-03-01 11:59:24'),
(60, 50, 'Anissa King', 'Debitis repudiandae explicabo ab et distinctio molestias. Sapiente nemo dicta est est. Cum qui vel aliquam cumque commodi earum. Maxime quia quis blanditiis ut assumenda qui distinctio.', 4, '2020-03-01 11:59:24', '2020-03-01 11:59:24'),
(61, 23, 'Mr. Josiah Mayer', 'Eum accusantium cupiditate nam explicabo quaerat ad qui. Consequatur doloribus sequi natus ea iste. Neque dolorem odit culpa qui. Mollitia commodi labore facere beatae ea consequatur iusto. Quia adipisci explicabo eos earum.', 1, '2020-03-01 11:59:24', '2020-03-01 11:59:24'),
(62, 45, 'Miss Adeline Toy', 'Rem id nam amet perferendis exercitationem in. Molestiae non maiores optio iste. Qui ut accusantium doloremque qui sunt ut. Ullam nemo veniam ratione explicabo ea itaque saepe. Eos harum ratione autem dolor est.', 4, '2020-03-01 11:59:24', '2020-03-01 11:59:24'),
(63, 49, 'Casimer Schroeder', 'Est sequi quidem cupiditate esse consequatur autem unde porro. Natus alias ut voluptates et maxime voluptatem dolor corrupti. Alias eveniet hic voluptatem velit pariatur.', 4, '2020-03-01 11:59:24', '2020-03-01 11:59:24'),
(64, 38, 'Kaley Beatty', 'Culpa et magni nam blanditiis dolorem fugit temporibus. Sed porro ea quis pariatur tempora aut.', 3, '2020-03-01 11:59:24', '2020-03-01 11:59:24'),
(65, 8, 'Trudie Witting', 'Iusto ad libero quis aperiam. Quos unde voluptatibus nobis sapiente praesentium. Voluptate illo minima quas omnis. Sapiente quaerat velit officiis culpa tenetur. At doloribus voluptatem est quisquam dolores nihil id.', 1, '2020-03-01 11:59:24', '2020-03-01 11:59:24'),
(66, 17, 'Prof. Kole Koss DDS', 'Minus praesentium vitae culpa rerum nulla quaerat fugiat. Est quae sed reprehenderit voluptatem quia. Placeat sed quia aut iure aperiam quo. Rerum quo aut molestias molestiae.', 0, '2020-03-01 11:59:24', '2020-03-01 11:59:24'),
(67, 10, 'Fleta Wintheiser', 'Esse placeat consectetur molestiae qui. Nostrum tempora et ratione ad molestiae quidem sit qui. Similique aliquid adipisci sed non consequatur blanditiis dicta.', 0, '2020-03-01 11:59:24', '2020-03-01 11:59:24'),
(68, 16, 'Athena Ernser PhD', 'Veritatis molestias consequatur aut commodi hic. Praesentium et optio sit voluptatibus impedit non cupiditate. Amet et et sequi hic sit ut. Consequatur nihil ratione est alias amet architecto repudiandae omnis.', 2, '2020-03-01 11:59:24', '2020-03-01 11:59:24'),
(69, 25, 'Anthony Kerluke MD', 'Aut expedita numquam error pariatur. Atque debitis rerum dignissimos qui a laboriosam velit. Dolorem et optio vel reiciendis ullam rerum quas id. Cum rerum ullam et fugit ipsum dolorem possimus.', 3, '2020-03-01 11:59:24', '2020-03-01 11:59:24'),
(70, 4, 'Miss Loma Stracke', 'Ratione tempore ullam soluta nihil enim quia. Suscipit et beatae mollitia quas minima repudiandae similique. Ut et quo corrupti. Quos fugit autem similique ut error.', 2, '2020-03-01 11:59:25', '2020-03-01 11:59:25'),
(71, 43, 'Albert Ritchie', 'Quaerat earum eos omnis et corrupti harum. Exercitationem natus esse a minima sequi aspernatur harum.', 4, '2020-03-01 11:59:25', '2020-03-01 11:59:25'),
(72, 46, 'Hosea Konopelski', 'Aperiam quae est voluptate qui necessitatibus tempore. Cumque quia voluptates officiis totam porro autem.', 0, '2020-03-01 11:59:25', '2020-03-01 11:59:25'),
(73, 18, 'Gonzalo Hickle', 'Voluptas voluptatum voluptatum perspiciatis. Porro dolore sed et quod ut quae. Id ad ut nulla perferendis tenetur.', 1, '2020-03-01 11:59:25', '2020-03-01 11:59:25'),
(74, 6, 'Jazmyne Rogahn', 'Voluptatem dolores in tempora veritatis error rerum et unde. Ullam deserunt accusamus nihil amet ipsum officia. Est itaque voluptatem et modi ipsum.', 1, '2020-03-01 11:59:25', '2020-03-01 11:59:25'),
(75, 18, 'Miss Vicenta Torphy', 'Quae doloribus enim et quo. Sit quis odio sed saepe. Natus adipisci eos consequatur perspiciatis non.', 0, '2020-03-01 11:59:25', '2020-03-01 11:59:25'),
(76, 23, 'Eldridge Cronin DVM', 'Enim impedit sit suscipit qui animi beatae. Minus rerum sequi beatae autem doloremque. Occaecati repellat et similique sit itaque labore sapiente.', 4, '2020-03-01 11:59:25', '2020-03-01 11:59:25'),
(77, 23, 'Mr. Immanuel Morissette', 'Voluptas dolores facilis fugit cumque provident mollitia perspiciatis rerum. Rerum veniam in voluptas est perferendis odit excepturi exercitationem. Fugit rem quae et expedita sequi fugit voluptates id.', 3, '2020-03-01 11:59:25', '2020-03-01 11:59:25'),
(78, 9, 'Aniyah Stroman', 'Est quis officia et qui est repellat culpa in. Vero accusantium temporibus qui qui blanditiis nam. Libero animi nobis dolorum et nemo et expedita nihil. Rerum numquam est aut distinctio velit.', 2, '2020-03-01 11:59:26', '2020-03-01 11:59:26'),
(79, 26, 'Claudia Powlowski', 'Ut consequatur dolor et voluptates consequatur id autem saepe. Architecto dicta blanditiis animi reprehenderit repudiandae enim et velit. Tempore odio optio provident iure corrupti facilis.', 1, '2020-03-01 11:59:26', '2020-03-01 11:59:26'),
(80, 9, 'Marquis Boehm', 'Modi vel nulla consequatur molestiae harum possimus asperiores. Impedit eius repellendus ullam quia ut. In consequatur aut et aut perspiciatis nesciunt. Cumque accusantium sunt ea et at cupiditate. Ut aut accusamus fugit ut voluptatem molestiae fugit.', 5, '2020-03-01 11:59:26', '2020-03-01 11:59:26'),
(81, 4, 'Martine Monahan', 'Magni quisquam sunt ab occaecati est. Accusantium iusto et asperiores corporis consectetur. Iure veritatis fuga esse. Et quas accusantium iste rerum.', 4, '2020-03-01 11:59:26', '2020-03-01 11:59:26'),
(82, 11, 'Randy Kuvalis I', 'At corporis ut assumenda modi. Pariatur harum placeat qui reiciendis ut voluptas porro unde. Non sunt velit cupiditate minus quas nihil.', 3, '2020-03-01 11:59:26', '2020-03-01 11:59:26'),
(83, 1, 'Cordia Wisozk', 'Aut excepturi a odio id occaecati dolore sunt. Perspiciatis quisquam earum sapiente sunt et modi rerum. Esse delectus laudantium ea debitis maiores quia ut.', 0, '2020-03-01 11:59:26', '2020-03-01 11:59:26'),
(84, 15, 'Wilber Doyle', 'Nihil suscipit laudantium voluptas molestias distinctio. Est alias nihil qui cum quis aut saepe aut. Ducimus nihil dolores tempore provident a necessitatibus voluptates sequi. Fugiat voluptas perspiciatis totam maiores sed ea.', 3, '2020-03-01 11:59:26', '2020-03-01 11:59:26'),
(85, 43, 'Torrance Gerhold', 'Fugit rem quasi dolor doloremque fugiat mollitia et. Consectetur quos rem sed voluptatem expedita nesciunt a. Quas ipsum iste necessitatibus ut repellat fugiat.', 1, '2020-03-01 11:59:26', '2020-03-01 11:59:26'),
(86, 29, 'Noemi Klocko', 'Ab dolore reprehenderit maiores minus nobis est aliquam. Quo non laboriosam et vel aut quis consequuntur. Aut reprehenderit impedit voluptatem temporibus rerum accusantium veritatis. Omnis aut aspernatur molestiae voluptatum est.', 5, '2020-03-01 11:59:26', '2020-03-01 11:59:26'),
(87, 45, 'Miss Michele Jacobs', 'Sit iusto laborum qui qui maxime voluptatibus aut. Vitae amet laudantium consequatur aut consequuntur sed. Nemo dolorum ea eveniet et.', 5, '2020-03-01 11:59:26', '2020-03-01 11:59:26'),
(88, 47, 'Liliane Considine', 'Sed doloremque doloribus doloremque molestias. Nam exercitationem illo facere accusantium ut exercitationem. Ut et ipsum non cumque porro nihil delectus.', 4, '2020-03-01 11:59:26', '2020-03-01 11:59:26'),
(89, 23, 'Prof. Arjun Hammes', 'Ad ea tempora autem ut. Non harum architecto est laudantium ea omnis et. Ratione quia praesentium sit optio provident iusto facere. Praesentium quidem voluptatem rerum facere magni ut ipsam aut.', 3, '2020-03-01 11:59:26', '2020-03-01 11:59:26'),
(90, 29, 'D\'angelo Schuppe', 'Veritatis possimus officiis ipsum magni necessitatibus repudiandae ut. Maxime tenetur et eos suscipit et. Et necessitatibus voluptas odit. Veniam velit dolor non sint consequatur.', 2, '2020-03-01 11:59:26', '2020-03-01 11:59:26'),
(91, 8, 'Yesenia Renner', 'Et velit ipsa consequatur eos qui. Minima nihil dicta sint facere. Repudiandae minus ab est ut eum. Voluptates rerum alias voluptas voluptas nostrum consequatur ducimus.', 2, '2020-03-01 11:59:27', '2020-03-01 11:59:27'),
(92, 4, 'Tyshawn Hegmann', 'Voluptatem aut et sit non voluptatem nobis. Mollitia est qui eius. Possimus suscipit quisquam similique quas dolor aut aut. Quo unde voluptatum ipsam nobis. Non voluptas distinctio asperiores sed natus aut qui.', 2, '2020-03-01 11:59:27', '2020-03-01 11:59:27'),
(93, 38, 'Leif Kling', 'Et sint rem minima iure voluptate et. Minima voluptatum laboriosam expedita. Et odio qui officiis voluptatem culpa saepe quis nesciunt. Sit ut vero alias.', 0, '2020-03-01 11:59:27', '2020-03-01 11:59:27'),
(94, 19, 'Art Waelchi', 'Aliquid praesentium velit qui mollitia aut cumque. Eligendi cupiditate id maxime debitis earum. Nihil perspiciatis saepe delectus quidem voluptas facilis harum.', 5, '2020-03-01 11:59:27', '2020-03-01 11:59:27'),
(95, 27, 'Melissa Johnson', 'Consequatur consequuntur animi aliquam et quidem. Consequatur esse blanditiis id in delectus quos. Est possimus est quod adipisci ut. Ut sit consectetur reiciendis voluptatum voluptatibus ducimus quia repellat. Fugit illo velit est odit.', 1, '2020-03-01 11:59:27', '2020-03-01 11:59:27'),
(96, 31, 'Alexane Mann', 'Delectus nisi ad rem tempore ut minima. Voluptatem quibusdam voluptatem et facilis. Laudantium qui fugit beatae tempore commodi. Illo sapiente voluptatem ea sunt corporis.', 4, '2020-03-01 11:59:27', '2020-03-01 11:59:27'),
(97, 16, 'Mr. Vernon Cole', 'Vel a omnis vel. Quia cupiditate odio reprehenderit tempore recusandae.', 4, '2020-03-01 11:59:27', '2020-03-01 11:59:27'),
(98, 9, 'Mrs. Shaniya Beer Jr.', 'Et illo temporibus exercitationem dolore hic dignissimos. Non sunt culpa autem tenetur nihil. Deserunt assumenda consequuntur praesentium consequatur voluptatum quam.', 0, '2020-03-01 11:59:27', '2020-03-01 11:59:27'),
(99, 1, 'Dannie Willms', 'Impedit architecto itaque consectetur dolor. Voluptas corporis ut sed temporibus perferendis. Et doloribus molestias doloribus rerum. Ut molestias sequi voluptatem accusamus est sed nihil et.', 2, '2020-03-01 11:59:27', '2020-03-01 11:59:27'),
(100, 6, 'Prof. Vincenza Effertz DVM', 'Impedit et enim aut id est facilis est rerum. Dignissimos ut cum laborum incidunt aut fugit asperiores rerum. Aspernatur vel ut dignissimos aperiam. Minus et repellat vel aut ad eos.', 0, '2020-03-01 11:59:27', '2020-03-01 11:59:27'),
(101, 44, 'Fernando Rau', 'Consequatur fugit nulla corrupti quibusdam deleniti. Sit quae aut molestiae quae. Et voluptatem et molestiae. Aliquid ullam qui cum modi et.', 0, '2020-03-01 11:59:28', '2020-03-01 11:59:28'),
(102, 35, 'Mariam Terry', 'Quos et sed exercitationem aut ipsam ipsa. Enim et architecto praesentium. Ex modi et ea.', 2, '2020-03-01 11:59:28', '2020-03-01 11:59:28'),
(103, 35, 'Shawna Brakus V', 'Eveniet vero eum et neque placeat porro quo. Hic eligendi est molestiae cumque eos. Deleniti sed aut quo nam numquam vel magnam hic.', 2, '2020-03-01 11:59:28', '2020-03-01 11:59:28'),
(104, 32, 'Cassandre Ziemann', 'Provident incidunt ullam hic iste. Dolore distinctio voluptates quod. Praesentium ut voluptatibus consequatur vel.', 0, '2020-03-01 11:59:28', '2020-03-01 11:59:28'),
(105, 41, 'Deja Mills III', 'Quod possimus voluptatum inventore corrupti ullam sunt. Distinctio ex iusto non labore rerum asperiores optio est. Facilis inventore mollitia consectetur eum. Incidunt laborum illo nostrum id totam libero. Et fuga sed modi perferendis ratione.', 4, '2020-03-01 11:59:28', '2020-03-01 11:59:28'),
(106, 19, 'Rachelle Hansen', 'Iusto asperiores aut consequatur voluptatem et voluptate eligendi. Cupiditate doloribus consectetur consectetur quis perspiciatis quae aut. Ut laboriosam molestiae occaecati delectus.', 3, '2020-03-01 11:59:28', '2020-03-01 11:59:28'),
(107, 13, 'Dorthy Gutmann V', 'Laboriosam praesentium aut rem necessitatibus. Vitae eaque vel sint molestiae et. Delectus quam facilis culpa fugiat. Magnam labore repudiandae quos sit.', 5, '2020-03-01 11:59:28', '2020-03-01 11:59:28'),
(108, 8, 'Prof. Geoffrey Konopelski', 'Saepe iure quasi modi. Sint dolores voluptatem totam assumenda. Et vel sapiente eligendi ducimus sit. In nemo asperiores quaerat ab occaecati facere voluptatem animi.', 3, '2020-03-01 11:59:28', '2020-03-01 11:59:28'),
(109, 34, 'Zackery Hermiston', 'Soluta corporis sunt consequuntur tenetur nesciunt. Dolores ipsum dolores nesciunt. Reprehenderit neque consequatur praesentium.', 0, '2020-03-01 11:59:28', '2020-03-01 11:59:28'),
(110, 31, 'Juanita Mayert Sr.', 'Cupiditate unde aut animi quia. Omnis corporis et libero ea aut. Ut soluta rerum necessitatibus cum non recusandae sapiente.', 0, '2020-03-01 11:59:29', '2020-03-01 11:59:29'),
(111, 41, 'Kariane Ruecker', 'Veniam ipsa voluptatum rerum asperiores nobis beatae. Esse animi deserunt et rerum. Voluptatum qui voluptate officiis ex culpa quam ipsa est.', 3, '2020-03-01 11:59:29', '2020-03-01 11:59:29'),
(112, 9, 'Lilyan Bergnaum', 'Rerum voluptatibus laboriosam dolores sequi corrupti. Quisquam pariatur quis nobis dicta nostrum. Magnam quis suscipit unde nisi et repellat rem ut. Tempore sed magnam qui.', 2, '2020-03-01 11:59:29', '2020-03-01 11:59:29'),
(113, 12, 'Miss Henriette Anderson', 'Iste voluptatem qui sed omnis in iusto nihil. Molestiae harum praesentium ipsum consequatur expedita ab consequatur sed. Ut voluptate maxime et corporis in rerum.', 0, '2020-03-01 11:59:29', '2020-03-01 11:59:29'),
(114, 38, 'Richie Bartell PhD', 'Debitis enim omnis qui quasi ipsa saepe nostrum. Consectetur aspernatur rerum expedita quisquam rerum. Maxime commodi commodi fugiat deserunt molestiae.', 2, '2020-03-01 11:59:29', '2020-03-01 11:59:29'),
(115, 23, 'Alessandro Jast', 'Expedita officiis deleniti nam autem et. Praesentium vel vitae repudiandae ab tenetur. Quos sed praesentium sunt fugiat corporis debitis aut. Voluptatibus tenetur quidem ab.', 1, '2020-03-01 11:59:29', '2020-03-01 11:59:29'),
(116, 43, 'Prof. Breana Corkery', 'Dignissimos odit aut aut harum ut est eum. Tenetur aliquam dicta praesentium esse autem et eum. Nulla et voluptate dolores est voluptas quo et ad.', 1, '2020-03-01 11:59:29', '2020-03-01 11:59:29'),
(117, 3, 'Ismael Rutherford', 'Tempora repellat possimus qui blanditiis magni dignissimos exercitationem sunt. Ut id voluptates vel facilis et dolorem fugiat.', 1, '2020-03-01 11:59:30', '2020-03-01 11:59:30'),
(118, 35, 'Myrtice Christiansen', 'Ut omnis quo iste enim. Officiis ea rerum illum. Laudantium magnam voluptas consequatur. Voluptatibus pariatur voluptatem repellendus.', 1, '2020-03-01 11:59:30', '2020-03-01 11:59:30'),
(119, 43, 'Jettie Bartell', 'Delectus laboriosam voluptas sit provident aut qui non. Alias iusto ullam hic ab ipsum. Voluptas veniam eum in qui assumenda. Voluptatum repellat asperiores nobis blanditiis quibusdam quam. Iure impedit incidunt et deserunt id in.', 1, '2020-03-01 11:59:31', '2020-03-01 11:59:31'),
(120, 19, 'Rachel Rohan', 'Corporis reprehenderit dignissimos sed distinctio. Dolorem sed odio aut non deleniti occaecati. Voluptate omnis qui rerum minus nam dolorum. Voluptatem non dignissimos dolore et.', 4, '2020-03-01 11:59:31', '2020-03-01 11:59:31'),
(121, 42, 'Kris Bashirian', 'Fuga eum et nam et et occaecati qui. Dolor dolorem velit qui illum eveniet non. Ullam et odio magni perferendis quos cumque fugiat.', 1, '2020-03-01 11:59:31', '2020-03-01 11:59:31'),
(122, 32, 'Wilhelmine Roberts DVM', 'Illo est optio sit totam qui placeat. Et eum laborum numquam et. Fugit dolor magnam nihil et nisi omnis quaerat esse.', 4, '2020-03-01 11:59:31', '2020-03-01 11:59:31'),
(123, 44, 'Lydia Bogan', 'Inventore dicta modi expedita est magnam minus perspiciatis. Ut fuga dignissimos rerum eaque. Qui et dolorem odio ut. Iusto debitis et reprehenderit.', 5, '2020-03-01 11:59:31', '2020-03-01 11:59:31'),
(124, 33, 'Hank Macejkovic Sr.', 'Consequatur at repudiandae ut. Est commodi eligendi dolore delectus esse nemo a. Veniam et rerum quia.', 2, '2020-03-01 11:59:31', '2020-03-01 11:59:31'),
(125, 36, 'Chris Nikolaus', 'Magni dolorum vel omnis a libero. Recusandae distinctio in aut dolores. Tenetur nisi enim omnis nihil veniam.', 1, '2020-03-01 11:59:31', '2020-03-01 11:59:31'),
(126, 39, 'Johnny Hand', 'Non non laboriosam vel est. Perspiciatis praesentium laboriosam nam nulla corrupti. Perspiciatis perspiciatis voluptatem et possimus sed.', 3, '2020-03-01 11:59:31', '2020-03-01 11:59:31'),
(127, 49, 'Rickie Koelpin', 'Facere voluptates quibusdam rem adipisci omnis. Harum sapiente est qui necessitatibus quasi inventore quo. Dolore dolore voluptatem ea a. Hic natus consequuntur dolor consequuntur et placeat.', 3, '2020-03-01 11:59:32', '2020-03-01 11:59:32'),
(128, 4, 'Denis Dach', 'Delectus consequuntur sint harum. Accusantium et quae dolore ratione. Voluptatem nam odit qui. Aut asperiores dolorem ad architecto voluptatem.', 5, '2020-03-01 11:59:32', '2020-03-01 11:59:32'),
(129, 43, 'Myrl Boyer', 'Possimus voluptas nobis eius dolorem quo dolores ut. Nemo ratione ut ut dignissimos.', 5, '2020-03-01 11:59:32', '2020-03-01 11:59:32'),
(130, 6, 'Dr. Roy Champlin', 'Sed perferendis blanditiis accusantium minus. Placeat blanditiis eum deserunt harum quaerat ex. Ut ad cumque excepturi nobis veritatis cupiditate tempore.', 2, '2020-03-01 11:59:32', '2020-03-01 11:59:32'),
(131, 16, 'Prof. Ardith White V', 'Nisi enim ut animi ullam possimus nihil. Facere et non blanditiis et.', 3, '2020-03-01 11:59:32', '2020-03-01 11:59:32'),
(132, 37, 'Mr. Jeffery Gislason MD', 'Ut aut odio animi dolores id in non. Placeat voluptatum voluptatem vero voluptas ab. Fugit suscipit nam modi dignissimos magnam. Voluptatem explicabo molestiae hic asperiores maxime ratione nihil. Minus nulla molestias maiores aliquid odit et.', 5, '2020-03-01 11:59:33', '2020-03-01 11:59:33'),
(133, 40, 'Nola Blick', 'Molestias voluptates dolor necessitatibus quasi. In sunt voluptatem occaecati. Ut dolor cumque sit dolore similique praesentium. Dolores commodi inventore voluptatem.', 0, '2020-03-01 11:59:33', '2020-03-01 11:59:33'),
(134, 15, 'Laurence Nicolas', 'Aliquam non et ea ducimus cupiditate unde aut. Dolores dolorum placeat non velit. Ipsa rerum in sed quas. Voluptatem et inventore ea dolor veritatis velit. Nihil vel voluptas tempora.', 0, '2020-03-01 11:59:33', '2020-03-01 11:59:33'),
(135, 1, 'Elbert Fritsch', 'Pariatur consequatur alias vero vel minima iste. Quia minus numquam quaerat quidem. Quo quisquam debitis fugit nemo pariatur tempore necessitatibus.', 2, '2020-03-01 11:59:33', '2020-03-01 11:59:33'),
(136, 14, 'Wilhelm Ward I', 'Ut mollitia molestiae aut nisi maiores omnis optio. Dolorum laborum aliquam voluptatem dolorum. Aspernatur dicta ipsam iusto vitae placeat omnis officiis. Blanditiis neque laudantium ut exercitationem.', 5, '2020-03-01 11:59:33', '2020-03-01 11:59:33'),
(137, 47, 'Skyla Nitzsche', 'Aut consequatur sed laborum dolor. Porro magnam explicabo voluptas consequatur id.', 2, '2020-03-01 11:59:33', '2020-03-01 11:59:33'),
(138, 7, 'Cierra Pfannerstill', 'In aut eum quisquam aut neque enim ipsa optio. Recusandae id voluptatem temporibus nesciunt quod. Possimus sed sint veniam. Rerum perspiciatis laborum libero commodi.', 2, '2020-03-01 11:59:33', '2020-03-01 11:59:33'),
(139, 3, 'Sandrine Christiansen', 'Quia saepe qui officia praesentium in deleniti maxime. Veritatis omnis id excepturi minus. Iste adipisci mollitia harum nulla architecto sed quia. Velit a rerum eum et exercitationem inventore sint. Quibusdam aliquid temporibus nihil veniam sunt id nesciunt.', 0, '2020-03-01 11:59:34', '2020-03-01 11:59:34'),
(140, 2, 'Prof. Giovanni Boehm IV', 'Voluptatem dolorem sed explicabo et. Fuga quaerat aut blanditiis ut. Magnam aut veritatis tempore ut omnis qui quis. Sequi qui fugiat reiciendis.', 5, '2020-03-01 11:59:34', '2020-03-01 11:59:34'),
(141, 17, 'Kiana Schimmel', 'Ab repellat eveniet officiis dicta. Est libero quas reprehenderit. Qui nobis magni optio quidem quis qui placeat.', 1, '2020-03-01 11:59:34', '2020-03-01 11:59:34'),
(142, 14, 'Elfrieda Conroy', 'Fugit dignissimos illum porro dolorum facilis earum nisi. Voluptas aut suscipit dolores qui animi quo eos.', 5, '2020-03-01 11:59:34', '2020-03-01 11:59:34'),
(143, 50, 'Dariana Friesen V', 'Perferendis error necessitatibus dolor. Occaecati et magni consectetur qui delectus laboriosam. Ut distinctio quam officia perspiciatis sint.', 2, '2020-03-01 11:59:34', '2020-03-01 11:59:34'),
(144, 38, 'Anthony Bradtke V', 'Aut sed aut magni. Minus magni repudiandae alias sunt autem vel atque.', 4, '2020-03-01 11:59:34', '2020-03-01 11:59:34'),
(145, 36, 'Audrey Robel', 'Dolores non dolores tempora laudantium itaque. Quibusdam consequatur maiores est odit ipsa. Saepe corporis natus enim est itaque ipsum iure ipsa. Hic voluptatem et nemo unde.', 4, '2020-03-01 11:59:34', '2020-03-01 11:59:34'),
(146, 35, 'Lauryn Zemlak', 'Exercitationem harum iste ut ratione. Non iure consequatur ducimus inventore. Officiis minima ut sed voluptas qui. Iste ea ullam et eius recusandae aliquid.', 4, '2020-03-01 11:59:34', '2020-03-01 11:59:34'),
(147, 30, 'Dr. Cassie Monahan PhD', 'Rerum ut qui culpa qui laudantium. Iure magni ducimus praesentium officiis. Est modi ut atque numquam et.', 2, '2020-03-01 11:59:34', '2020-03-01 11:59:34'),
(148, 49, 'Kathlyn Doyle', 'Eligendi aliquid numquam sit eligendi odit rerum dolor. Eos similique nemo vel ducimus.', 2, '2020-03-01 11:59:34', '2020-03-01 11:59:34'),
(149, 11, 'Ms. Cierra Bruen DDS', 'Ad iusto non suscipit eligendi. Id quod ut incidunt eum exercitationem.', 5, '2020-03-01 11:59:34', '2020-03-01 11:59:34'),
(150, 29, 'Alivia Zieme', 'Quidem beatae porro consequatur error. Rerum amet ratione praesentium minus aut nihil. Repudiandae in fuga ut necessitatibus.', 4, '2020-03-01 11:59:34', '2020-03-01 11:59:34'),
(151, 21, 'Carmelo Huels', 'Nihil vero officia et dolores nihil commodi magni. Officia optio quia harum facere omnis. Vel explicabo enim incidunt autem quis nihil cumque.', 1, '2020-03-01 11:59:34', '2020-03-01 11:59:34'),
(152, 34, 'Kristina Aufderhar', 'Vitae deleniti aliquid distinctio. Beatae expedita enim qui et unde deleniti et.', 0, '2020-03-01 11:59:35', '2020-03-01 11:59:35'),
(153, 41, 'Dr. Fredy Deckow I', 'Vitae non dolores illum fuga. Ipsa voluptatibus quis est quia.', 5, '2020-03-01 11:59:35', '2020-03-01 11:59:35'),
(154, 24, 'Miss Zoie Harvey', 'Quis dolores animi nobis blanditiis est quaerat. Saepe facilis labore ad quasi tenetur exercitationem enim.', 1, '2020-03-01 11:59:35', '2020-03-01 11:59:35'),
(155, 19, 'Mr. Erik Powlowski III', 'Cumque et tenetur quos et aut. Quae et nulla dolore commodi natus consectetur repellendus. Aut culpa placeat et.', 2, '2020-03-01 11:59:35', '2020-03-01 11:59:35'),
(156, 20, 'Frieda Russel', 'Esse molestiae nemo quae voluptatibus. Minima quos ut dolorum rerum vel rerum soluta. Vitae vel reprehenderit accusamus. Facilis debitis non harum dolorem. Labore animi labore beatae necessitatibus necessitatibus sint vero.', 4, '2020-03-01 11:59:36', '2020-03-01 11:59:36'),
(157, 44, 'Mr. Julius Schulist PhD', 'Rerum mollitia officia quis ipsa. Et fugiat placeat repudiandae aut eligendi quaerat molestiae doloribus. Consequatur facilis labore ab facere. Ut atque eos qui sed quasi velit voluptatem.', 4, '2020-03-01 11:59:36', '2020-03-01 11:59:36'),
(158, 24, 'Mikel Wolff', 'Modi sequi vitae dolorem id harum ipsa recusandae beatae. Dolor voluptatibus rerum est ut tenetur. Fuga et in iusto voluptatibus quis rem aut in.', 1, '2020-03-01 11:59:36', '2020-03-01 11:59:36'),
(159, 25, 'Haylie Nader', 'Nesciunt id sapiente deleniti sed. Ab iusto omnis aut. Mollitia consequatur necessitatibus natus culpa id adipisci.', 2, '2020-03-01 11:59:36', '2020-03-01 11:59:36'),
(160, 18, 'Cole Mann III', 'Culpa cumque debitis at quas reprehenderit enim voluptatem. Officia consectetur ea voluptas molestiae rerum velit officiis. Molestiae quo nihil eum qui in. Omnis modi in minima veritatis nihil in expedita similique.', 4, '2020-03-01 11:59:37', '2020-03-01 11:59:37'),
(161, 6, 'Dashawn Stokes', 'Perspiciatis eligendi totam id perspiciatis eos dignissimos. Nihil sit occaecati sunt esse qui iusto eligendi. Unde eveniet deleniti iusto ea repellendus. Et reprehenderit ab dolor animi commodi inventore.', 0, '2020-03-01 11:59:37', '2020-03-01 11:59:37'),
(162, 12, 'Amiya Parisian MD', 'Quam maiores voluptatibus laudantium placeat. Ut et voluptatem est qui.', 4, '2020-03-01 11:59:37', '2020-03-01 11:59:37'),
(163, 45, 'Lauren Sporer DVM', 'Et veniam nemo est molestiae nemo. Eos fugit numquam quia dolorem rerum aperiam voluptas. Vel vel consectetur quidem nostrum. A assumenda fuga reprehenderit possimus.', 3, '2020-03-01 11:59:37', '2020-03-01 11:59:37'),
(164, 49, 'Angel Prohaska', 'Et consequuntur quae asperiores nemo optio ut eum incidunt. Accusantium repellendus et quia corporis. Natus cupiditate quaerat et quia.', 2, '2020-03-01 11:59:37', '2020-03-01 11:59:37'),
(165, 37, 'Aryanna Bashirian', 'Quidem expedita sint necessitatibus ipsum dolorem et ut. Libero omnis velit voluptate ex animi. Suscipit quaerat et voluptas vitae rerum voluptatibus ratione.', 0, '2020-03-01 11:59:37', '2020-03-01 11:59:37'),
(166, 1, 'Myra Koss', 'Esse earum libero odio quas. Itaque quisquam quod id autem dolores et. Cum veniam voluptatibus voluptatem.', 0, '2020-03-01 11:59:37', '2020-03-01 11:59:37'),
(167, 21, 'Karlie Eichmann', 'Voluptatem voluptates commodi qui sit qui exercitationem quo aliquid. Dolorem sit cumque error. Similique aut non ipsam quaerat eveniet et consequuntur. Eveniet beatae quasi consequatur aliquam occaecati vitae.', 1, '2020-03-01 11:59:37', '2020-03-01 11:59:37'),
(168, 49, 'Mrs. Maureen DuBuque', 'Nemo minima commodi corporis. Aliquam corrupti nulla minus et sed nesciunt perferendis. Rerum quos et voluptatum facilis illo.', 1, '2020-03-01 11:59:38', '2020-03-01 11:59:38'),
(169, 13, 'Karina Johns', 'Ut quia autem voluptatem praesentium quos. Sequi quos ex velit eaque qui soluta aut.', 4, '2020-03-01 11:59:38', '2020-03-01 11:59:38'),
(170, 1, 'Prof. Thaddeus Denesik', 'Possimus sunt totam at enim minus minima dicta. Doloremque eum excepturi consequatur odit. Veniam nemo qui alias voluptatem iure. Corrupti officiis sunt ipsa consequatur voluptatem.', 0, '2020-03-01 11:59:39', '2020-03-01 11:59:39'),
(171, 25, 'Violette Nikolaus', 'Qui hic corporis sit quidem quas. Aut sint quia voluptas enim modi aut similique. Voluptatem consequatur magnam vel. Sit dolore sequi tempore eligendi sequi. Nostrum ullam cumque et velit ut.', 0, '2020-03-01 11:59:39', '2020-03-01 11:59:39'),
(172, 44, 'Elinore Ritchie', 'A est doloremque numquam quia ipsa quisquam odit. Porro voluptatibus inventore dolore nulla suscipit atque. Voluptate dicta eum amet est temporibus consequatur labore. Est qui rerum consequatur numquam qui numquam.', 5, '2020-03-01 11:59:39', '2020-03-01 11:59:39'),
(173, 4, 'Ms. Albina Satterfield', 'Molestias perferendis earum rem sit magnam. Aut est porro praesentium totam. Vero provident enim amet incidunt error vel. Est commodi consectetur doloremque dolor.', 1, '2020-03-01 11:59:39', '2020-03-01 11:59:39'),
(174, 29, 'Theresia Kreiger DVM', 'Vel odit cum cupiditate quia harum hic ullam. Et laborum tempora aspernatur aut. Minus exercitationem consequatur non aliquid iste.', 2, '2020-03-01 11:59:39', '2020-03-01 11:59:39'),
(175, 12, 'Jada Dietrich', 'Eveniet cumque temporibus quaerat maiores et et. Perspiciatis temporibus modi provident nihil natus. Corporis eum id aliquid et qui consectetur sed.', 1, '2020-03-01 11:59:39', '2020-03-01 11:59:39'),
(176, 8, 'Neil Hand', 'Nostrum quasi libero debitis consequuntur est. Consequatur error repudiandae veniam eum rem. Ipsam et dolorem nesciunt dignissimos. Quo omnis eligendi est autem dolorem alias minima.', 0, '2020-03-01 11:59:40', '2020-03-01 11:59:40'),
(177, 38, 'Sean Beier', 'Consequatur et sequi ipsum inventore. Ratione illo earum quo repellat nulla in. Aperiam quasi eos quis et illum omnis quidem.', 0, '2020-03-01 11:59:40', '2020-03-01 11:59:40'),
(178, 35, 'Sharon Wisozk', 'Omnis quia inventore enim pariatur natus repellat et mollitia. Non officiis asperiores est consequuntur in deleniti. Voluptatibus beatae molestiae consequuntur ut a. Vel distinctio et eum qui in dolore ipsum.', 1, '2020-03-01 11:59:40', '2020-03-01 11:59:40'),
(179, 44, 'Santa Yost', 'Culpa et fugiat expedita eum pariatur dicta voluptatem. Sunt dolores incidunt quis esse amet illum. Tempore eligendi enim quasi ut. Natus assumenda dicta accusantium dolorem id dolores voluptatem doloremque.', 0, '2020-03-01 11:59:40', '2020-03-01 11:59:40'),
(180, 20, 'Freeda Reilly', 'Illo labore fugiat qui autem voluptatem eveniet vel quaerat. Qui aut maiores pariatur recusandae repellat quo. Dicta vel aut sunt quis quaerat.', 4, '2020-03-01 11:59:40', '2020-03-01 11:59:40'),
(181, 6, 'Prof. Rhett Eichmann', 'Minima et et unde. Voluptas id aliquid nihil similique. Aut necessitatibus est quo eius quaerat. Minus voluptas eos atque molestias voluptates iusto voluptatum.', 2, '2020-03-01 11:59:40', '2020-03-01 11:59:40'),
(182, 44, 'Rocio Runolfsdottir', 'Dolor accusantium ipsa eaque. Totam in at deleniti. Rerum non qui sint facilis. Nulla saepe ratione vitae est veniam adipisci maiores. Quibusdam autem vel laborum similique.', 5, '2020-03-01 11:59:41', '2020-03-01 11:59:41'),
(183, 37, 'Brenda Leuschke', 'Eaque doloremque incidunt recusandae maiores. Deleniti repellendus aut nobis velit. Eveniet ea et odio temporibus temporibus sit vitae corrupti. Voluptatem voluptas laboriosam ut pariatur saepe quis ab.', 0, '2020-03-01 11:59:41', '2020-03-01 11:59:41'),
(184, 31, 'Mr. Melvin Adams', 'Omnis et sed et ut qui velit. Laudantium alias iste voluptatem voluptate.', 0, '2020-03-01 11:59:41', '2020-03-01 11:59:41'),
(185, 41, 'Mara Cole Jr.', 'Minus perspiciatis animi est eaque dolor. Reiciendis voluptate qui provident sequi et blanditiis. Dignissimos voluptatibus laboriosam nostrum id eos. Natus fuga porro et voluptatem beatae ut.', 4, '2020-03-01 11:59:42', '2020-03-01 11:59:42'),
(186, 15, 'Prof. Kurt Schmeler', 'Natus perferendis vel ea. Explicabo nulla asperiores et quibusdam officia. Dolorem est asperiores in omnis. Consequuntur laudantium vero voluptatem qui minima iusto officia.', 4, '2020-03-01 11:59:42', '2020-03-01 11:59:42'),
(187, 37, 'Ephraim Jast', 'Aut minus explicabo earum veniam. Doloremque sit aut dolorem omnis dolores non rerum. Odio hic debitis alias et quod. Dolor praesentium occaecati voluptas aut iusto.', 3, '2020-03-01 11:59:42', '2020-03-01 11:59:42'),
(188, 29, 'Alessia Douglas PhD', 'Vel velit alias autem dignissimos sint. Est rerum ullam ut cumque dolor nam enim. Ratione eaque dignissimos modi dolor accusantium sit ea.', 5, '2020-03-01 11:59:42', '2020-03-01 11:59:42'),
(189, 43, 'Deshaun Quitzon', 'Aut magnam et magnam et atque nesciunt ut dolorem. Enim illum aut esse non. Eos aut natus et deleniti praesentium omnis. At tempora vero distinctio soluta ab nihil sequi quod.', 1, '2020-03-01 11:59:42', '2020-03-01 11:59:42'),
(190, 21, 'Donald Legros DVM', 'Dolore repellat omnis voluptates sequi sunt autem ea. Sequi sunt dignissimos perferendis tenetur voluptatem aut enim. Veritatis eveniet eligendi perferendis veniam. Dolorem aperiam enim consequatur distinctio.', 0, '2020-03-01 11:59:42', '2020-03-01 11:59:42'),
(191, 38, 'Violette Veum', 'Quia repudiandae ipsa voluptatem mollitia quasi veritatis quia. Ut qui maxime et qui at enim consequuntur. Veniam earum id quaerat id. Porro est quo id.', 5, '2020-03-01 11:59:42', '2020-03-01 11:59:42'),
(192, 40, 'Tyra Jacobs', 'Laborum eum omnis et voluptatibus rem eos animi. Saepe sunt provident ea iure distinctio deleniti. Hic ut aliquam voluptas quis voluptas vitae.', 4, '2020-03-01 11:59:42', '2020-03-01 11:59:42'),
(193, 22, 'Isobel Torp', 'Hic dolores aut sed eos sunt nesciunt. Qui culpa dolores itaque sit libero. Praesentium perspiciatis dolores voluptatum sed sed. Quas tempora inventore vel doloribus mollitia.', 1, '2020-03-01 11:59:42', '2020-03-01 11:59:42'),
(194, 38, 'Juliet Dickinson IV', 'Adipisci quasi enim incidunt laborum. Eaque sit dicta aut autem enim suscipit. Corporis iusto hic ut omnis minus vel.', 1, '2020-03-01 11:59:42', '2020-03-01 11:59:42'),
(195, 28, 'Kailee Mraz', 'Laborum vel quod sed animi accusantium. Id dolores nam accusamus expedita consequatur.', 3, '2020-03-01 11:59:43', '2020-03-01 11:59:43'),
(196, 3, 'Miss Ashly Kutch Jr.', 'Sit et veritatis et dolor iusto. Error explicabo id saepe quo recusandae ut suscipit esse. Nemo id officiis deserunt illum rerum soluta officia.', 3, '2020-03-01 11:59:43', '2020-03-01 11:59:43'),
(197, 10, 'Mr. Fletcher Goldner', 'Et doloremque corporis consequatur esse quidem sint. Id veniam deleniti cumque sunt. Autem ut est ad a id harum. Sit ipsum ea velit et.', 5, '2020-03-01 11:59:43', '2020-03-01 11:59:43'),
(198, 17, 'Dr. Hallie Runte', 'Cumque harum quia dolor. Aut exercitationem qui cumque rerum sed. Quos consequatur eos et et est et nihil aut. Inventore voluptate et blanditiis facere eos ad ad.', 1, '2020-03-01 11:59:44', '2020-03-01 11:59:44'),
(199, 29, 'Mr. Clair Prosacco Jr.', 'Expedita ipsa et culpa labore aperiam et nulla. Aliquid veniam dicta in a earum doloremque ex. Veritatis incidunt laboriosam ex error quos in.', 0, '2020-03-01 11:59:44', '2020-03-01 11:59:44'),
(200, 21, 'Doug Turner III', 'Voluptatum sint nam minima ab dolore. Delectus sed molestias vitae soluta eaque qui ipsum. Voluptatem tempora ut officia et pariatur et sit. Veniam ullam veniam animi exercitationem. Quas eveniet voluptatem hic voluptatem sed sint vero.', 2, '2020-03-01 11:59:44', '2020-03-01 11:59:44'),
(201, 26, 'Emmett McGlynn Sr.', 'Quia deserunt nemo accusantium rerum est ea. Quidem mollitia repudiandae ducimus dolore. Consequatur in quibusdam vitae repellendus cupiditate eveniet assumenda.', 0, '2020-03-01 11:59:44', '2020-03-01 11:59:44'),
(202, 17, 'Donato Doyle', 'Ut vel deleniti consequatur harum voluptatibus. Saepe voluptate eaque et veniam. Id qui quod voluptatem quia unde totam. Assumenda laborum sint quo.', 5, '2020-03-01 11:59:44', '2020-03-01 11:59:44'),
(203, 19, 'Mrs. Madalyn Jakubowski IV', 'Magni sed quasi sed. Aperiam molestias repellendus quis modi dignissimos. Voluptas quasi pariatur aspernatur sit veniam et dolorem. Iste laborum itaque sint qui. Voluptatibus omnis sapiente ipsam ex ea et error.', 0, '2020-03-01 11:59:44', '2020-03-01 11:59:44'),
(204, 20, 'Cali Lemke', 'Voluptatem qui soluta repellendus nihil illo ut eveniet. Sunt ab quidem consequatur et. Sint repellat sed dolores architecto maiores qui.', 0, '2020-03-01 11:59:44', '2020-03-01 11:59:44'),
(205, 41, 'Reese Willms', 'Eum et voluptatem ex est nulla. Perferendis eligendi occaecati autem distinctio assumenda rem.', 2, '2020-03-01 11:59:45', '2020-03-01 11:59:45'),
(206, 41, 'Donny Jerde DVM', 'Hic eligendi ipsa nostrum nobis. Harum fugiat maxime distinctio corrupti atque. Non assumenda quis similique omnis magni distinctio non.', 5, '2020-03-01 11:59:45', '2020-03-01 11:59:45'),
(207, 30, 'Prof. Emilia Bailey', 'Sapiente ipsam nam sed nobis est. Magnam libero ut est est. Molestias neque neque voluptatem error ducimus. Quibusdam ipsam quae illo voluptatem reiciendis repellat.', 2, '2020-03-01 11:59:45', '2020-03-01 11:59:45'),
(208, 13, 'Osvaldo Bernhard', 'Necessitatibus mollitia aliquid consequatur id quibusdam esse dolor. Omnis aut sequi enim quo possimus autem. Non molestias enim eum molestiae quaerat harum.', 2, '2020-03-01 11:59:45', '2020-03-01 11:59:45'),
(209, 5, 'Mr. Demario West DVM', 'Eius odio et voluptate. Asperiores ut vero adipisci sed laboriosam.', 5, '2020-03-01 11:59:45', '2020-03-01 11:59:45');
INSERT INTO `reviews` (`id`, `product_id`, `customer`, `review`, `star`, `created_at`, `updated_at`) VALUES
(210, 20, 'Lela Hartmann II', 'Maiores et velit distinctio neque veritatis odit. Temporibus voluptatem assumenda nam ex et voluptatem est. Recusandae distinctio necessitatibus alias repellat totam et. Neque sint ut velit.', 3, '2020-03-01 11:59:46', '2020-03-01 11:59:46'),
(211, 4, 'Elfrieda Heathcote', 'Vel repellendus consequatur ipsam eaque. Architecto id nobis nihil occaecati sequi. Quam omnis similique nesciunt amet repudiandae et. Eos non consequuntur placeat aperiam quo.', 4, '2020-03-01 11:59:46', '2020-03-01 11:59:46'),
(212, 49, 'Mckenzie Schulist', 'Alias eveniet et vitae delectus quas aut. Expedita eius accusamus consequatur consequuntur corporis dolorum necessitatibus.', 3, '2020-03-01 11:59:46', '2020-03-01 11:59:46'),
(213, 28, 'Brandon Murazik', 'Aspernatur deserunt et et dolorum. Atque voluptatibus similique voluptas voluptatem placeat mollitia. Earum aliquid explicabo dolorem. Aliquid blanditiis dolore ea assumenda aut est nobis.', 0, '2020-03-01 11:59:46', '2020-03-01 11:59:46'),
(214, 23, 'Myron Homenick V', 'Ducimus assumenda accusantium est consequatur sequi ut. Quidem et qui numquam nulla sed sequi.', 5, '2020-03-01 11:59:47', '2020-03-01 11:59:47'),
(215, 8, 'Cristal Hand', 'Vel omnis placeat qui totam fuga vero. Id optio est voluptate dolorum. Est eum similique sit nemo.', 0, '2020-03-01 11:59:47', '2020-03-01 11:59:47'),
(216, 3, 'Ms. Viola Gutmann Jr.', 'Corrupti eveniet quas pariatur explicabo quidem et. Quas dolores est voluptatem architecto quia. Sed iusto excepturi doloribus voluptatibus veritatis. Quasi nulla minima molestias eos dolorem vel praesentium.', 3, '2020-03-01 11:59:47', '2020-03-01 11:59:47'),
(217, 27, 'Viola Kuhlman', 'Consectetur dolor maiores odit quia quia molestiae aut eveniet. Fuga et perspiciatis asperiores rem aut consequatur magni repellat. Voluptates aspernatur vel autem ut corporis animi fugiat. Similique vel rerum nihil consectetur officiis.', 4, '2020-03-01 11:59:47', '2020-03-01 11:59:47'),
(218, 34, 'Noemi Paucek', 'Saepe at ut aut natus similique officia praesentium. Et iure voluptatem dolor vel asperiores quia repellendus facilis. Aut libero molestiae facilis ea eligendi.', 4, '2020-03-01 11:59:47', '2020-03-01 11:59:47'),
(219, 23, 'Nikki Abernathy', 'Inventore perferendis cum corrupti aut. Et ab et ut autem quisquam aut at accusamus. Ex quis voluptatem rerum ipsa laboriosam quae qui. Id quis nobis quis quae.', 4, '2020-03-01 11:59:47', '2020-03-01 11:59:47'),
(220, 34, 'Arely Stokes', 'Quam laboriosam eum nobis quam fugit sit. Vel quibusdam qui nihil earum aut culpa porro. Corrupti est delectus aliquid nisi cupiditate.', 4, '2020-03-01 11:59:47', '2020-03-01 11:59:47'),
(221, 37, 'Waylon Raynor Jr.', 'Ducimus id ut mollitia inventore ut harum et libero. Eos omnis facilis rem omnis rem temporibus vel. Cumque maiores expedita eum voluptate. Natus possimus accusantium consectetur reprehenderit cum. Placeat eligendi praesentium aut velit aut.', 0, '2020-03-01 11:59:48', '2020-03-01 11:59:48'),
(222, 37, 'Mrs. Janis Shanahan I', 'Tenetur eos officiis cum ipsum dolorem voluptate iure tempore. Maiores itaque non praesentium voluptas sint alias.', 1, '2020-03-01 11:59:48', '2020-03-01 11:59:48'),
(223, 24, 'Sophie Streich', 'Magnam sed illum sequi expedita molestias ipsam. Numquam provident deserunt facere aut assumenda ipsa. Harum tempora numquam dignissimos labore. A sed placeat voluptatem et aliquid consequatur cum.', 3, '2020-03-01 11:59:48', '2020-03-01 11:59:48'),
(224, 3, 'Enoch Kuhlman', 'Quia minima deserunt eos quaerat. Iste voluptates itaque necessitatibus amet voluptates. Ut quisquam eos enim.', 1, '2020-03-01 11:59:48', '2020-03-01 11:59:48'),
(225, 14, 'Melba Simonis', 'Quam expedita consequatur quod qui quia cumque. Assumenda ab praesentium asperiores omnis sit. Cupiditate autem repellat modi et vitae.', 2, '2020-03-01 11:59:49', '2020-03-01 11:59:49'),
(226, 48, 'Kallie Mills', 'Ea quo est nulla possimus. Magnam molestias in error ipsum voluptas. In facere dolores velit architecto.', 4, '2020-03-01 11:59:49', '2020-03-01 11:59:49'),
(227, 9, 'Daija Howe', 'Dicta fuga doloremque earum nulla sapiente est ea eligendi. Assumenda voluptatem voluptates eligendi illo rerum fugit. Explicabo nisi deleniti id vel molestiae sit earum.', 4, '2020-03-01 11:59:49', '2020-03-01 11:59:49'),
(228, 20, 'Jada Rippin', 'Blanditiis minus culpa vero nostrum nam laudantium consequatur quis. Dignissimos eum placeat in ullam ducimus. Doloremque et ut voluptatem voluptatem distinctio sit. Est aliquid ut sapiente nulla. Quis ut necessitatibus et perferendis quia ipsum.', 1, '2020-03-01 11:59:49', '2020-03-01 11:59:49'),
(229, 47, 'Eliane Nolan', 'Doloremque consequatur velit ducimus doloribus nesciunt optio dolore. Consequatur laudantium ut rerum dignissimos iste. Inventore eligendi quod labore suscipit aliquam vitae. Voluptatem magnam dicta at laborum.', 1, '2020-03-01 11:59:49', '2020-03-01 11:59:49'),
(230, 39, 'Orie Gislason', 'Deserunt laborum vel repudiandae libero. Quos earum omnis voluptas maiores. Excepturi eaque nesciunt sequi. Quasi rerum ut omnis doloremque et natus aut.', 1, '2020-03-01 11:59:49', '2020-03-01 11:59:49'),
(231, 9, 'Belle Crona', 'Voluptas id maiores voluptatem ut et esse. Animi ut et error sit autem. Est ut adipisci dolore magnam asperiores. Molestias quis vitae qui magni. Dolor quis et minus eligendi repellat hic libero porro.', 1, '2020-03-01 11:59:49', '2020-03-01 11:59:49'),
(232, 48, 'Elise Johnston', 'Eos inventore sit enim corrupti et. Magnam omnis tempore et. Pariatur velit cupiditate et labore dolor qui ut.', 1, '2020-03-01 11:59:49', '2020-03-01 11:59:49'),
(233, 37, 'Imogene Homenick', 'Ipsam officia minima in consequatur fugit. Et qui accusantium ab officiis officiis occaecati. Sit magni facere libero dolores aperiam.', 5, '2020-03-01 11:59:49', '2020-03-01 11:59:49'),
(234, 18, 'Claudie Blick', 'Doloremque tempore magnam repellendus aut laboriosam. In consequuntur est possimus dolores. Ea soluta omnis et. Ut nostrum exercitationem et temporibus.', 2, '2020-03-01 11:59:50', '2020-03-01 11:59:50'),
(235, 38, 'Elmore Ferry', 'Quia aliquam minima soluta adipisci eaque ipsum. Nulla saepe illo nostrum sunt occaecati quis. Sit assumenda aut et cum quia. Velit id est odit assumenda laborum tempore.', 2, '2020-03-01 11:59:50', '2020-03-01 11:59:50'),
(236, 46, 'Terrell Ondricka', 'Iste ut aut tempora ratione voluptates libero at est. Aut sunt omnis fugit pariatur assumenda voluptas hic. Aut fuga aliquid ducimus sapiente. Natus commodi aut veritatis iure.', 4, '2020-03-01 11:59:50', '2020-03-01 11:59:50'),
(237, 22, 'Virginie Hirthe', 'Exercitationem et voluptatum reiciendis doloremque fuga est velit. Placeat praesentium sint qui sed. Corrupti sed magnam voluptatem doloribus et est commodi.', 4, '2020-03-01 11:59:50', '2020-03-01 11:59:50'),
(238, 3, 'Mr. Rosendo Denesik MD', 'Nostrum numquam porro aut aut. Odit sed libero ullam nam. Aut suscipit facilis qui voluptatum id. Vel animi aliquam ut velit est.', 3, '2020-03-01 11:59:50', '2020-03-01 11:59:50'),
(239, 16, 'Ms. Talia Koelpin', 'Sed consequatur in id aliquam mollitia. Excepturi mollitia quo nemo rerum et voluptate velit. Veritatis consequatur voluptatem velit tenetur. Et nulla porro debitis est totam sunt officia. Vitae praesentium quis nisi eos ex.', 3, '2020-03-01 11:59:51', '2020-03-01 11:59:51'),
(240, 39, 'Dr. Norberto Abbott IV', 'Nihil corporis dicta minus facere in. Aliquam est odit quae ipsum. Dolorem eos corrupti perspiciatis eveniet velit assumenda. Aut quia enim beatae ex sunt sed et.', 2, '2020-03-01 11:59:51', '2020-03-01 11:59:51'),
(241, 19, 'Clark Langworth', 'Ut aut assumenda aut soluta ut qui possimus. Sed enim possimus consequuntur at sunt dolore ut. Laborum dolorem delectus et tempora fuga rerum in ab. Et aut distinctio sunt totam praesentium in voluptatem modi.', 0, '2020-03-01 11:59:51', '2020-03-01 11:59:51'),
(242, 23, 'Margarete Bauch', 'Doloribus tempora commodi quis in et quia ullam ab. Enim voluptatum sunt quia illo fugit. Sit ut ullam nesciunt sequi.', 4, '2020-03-01 11:59:52', '2020-03-01 11:59:52'),
(243, 42, 'Ruthie Reynolds', 'Natus reprehenderit sunt nihil sit. Sed magnam est debitis consequatur nobis. Eaque ut id pariatur deserunt officia.', 0, '2020-03-01 11:59:52', '2020-03-01 11:59:52'),
(244, 7, 'Helena Farrell', 'Ea recusandae recusandae sit consectetur nihil non aperiam. Natus consectetur voluptatem accusamus sint facilis sint exercitationem dolorem. Consequatur nemo exercitationem illum aliquam non rerum. Est molestiae suscipit quidem rem dolore.', 0, '2020-03-01 11:59:52', '2020-03-01 11:59:52'),
(245, 45, 'Prof. Katlynn Koch Jr.', 'Nihil minus officia fugiat excepturi. Sequi voluptatem non dolore impedit ea officiis quia sit. Sit aut voluptates nihil molestiae dolor delectus nisi.', 1, '2020-03-01 11:59:52', '2020-03-01 11:59:52'),
(246, 50, 'Mark Funk', 'Possimus voluptates et aut aliquid at. Vel ea velit consequuntur maiores. Maxime est molestias architecto minima. Aut cumque atque rerum sit ducimus perferendis et.', 0, '2020-03-01 11:59:52', '2020-03-01 11:59:52'),
(247, 47, 'Bonnie Ledner', 'Blanditiis assumenda aliquam aperiam unde aliquam corrupti nesciunt itaque. Ab cum voluptatibus rerum rem earum voluptatem. Quam quia mollitia voluptatum nostrum harum delectus.', 0, '2020-03-01 11:59:52', '2020-03-01 11:59:52'),
(248, 15, 'Nikki Borer', 'Nisi dolores error id repudiandae pariatur ullam. Quia iure laboriosam qui doloribus et ut autem. Laboriosam qui commodi non repellat porro consequatur fugit repellendus. Laborum ex consectetur autem aut.', 3, '2020-03-01 11:59:53', '2020-03-01 11:59:53'),
(249, 10, 'Leann Considine', 'Praesentium laboriosam repellendus commodi eos provident non voluptates. Officia consequatur eius explicabo error tempore est. Voluptatem voluptates repellendus sit est dignissimos. Aut molestiae nam quo nesciunt.', 5, '2020-03-01 11:59:54', '2020-03-01 11:59:54'),
(250, 30, 'Dr. Xzavier Bins MD', 'Tempore ex excepturi architecto ut autem aspernatur sit. Hic reprehenderit architecto quo omnis. Quia voluptas voluptatem quasi omnis et quaerat totam tenetur. Culpa ea doloremque consequuntur quae quis dolorem. Eaque autem quia saepe libero in ratione.', 3, '2020-03-01 11:59:55', '2020-03-01 11:59:55'),
(251, 43, 'Genevieve Schuppe', 'Non est quas eos odit ad ea ipsa. Laboriosam quibusdam molestiae rerum voluptate error provident. Illum dignissimos incidunt esse ab ut sapiente quod quibusdam. Veniam earum labore ipsam odio eos dolorem adipisci sunt. Tempore magnam architecto voluptate.', 5, '2020-03-01 11:59:55', '2020-03-01 11:59:55'),
(252, 24, 'Chyna Batz', 'Omnis nostrum ea perferendis molestiae accusamus modi. Nulla accusantium accusantium earum veritatis sint cum. Non autem velit sapiente voluptas et amet.', 0, '2020-03-01 11:59:55', '2020-03-01 11:59:55'),
(253, 6, 'Maegan Kautzer', 'Necessitatibus ut ut odit nemo recusandae expedita. Dolorem voluptatem dignissimos dolorem itaque quas aut. Numquam architecto ut culpa qui.', 2, '2020-03-01 11:59:55', '2020-03-01 11:59:55'),
(254, 13, 'Madilyn Runte', 'Tempora provident nulla nobis facilis. Perspiciatis voluptates impedit sed est hic sunt maxime. Aut vitae omnis nesciunt temporibus.', 5, '2020-03-01 11:59:55', '2020-03-01 11:59:55'),
(255, 9, 'Mafalda Fay', 'Excepturi tempora ad voluptate. Perspiciatis ea sint quas ea.', 2, '2020-03-01 11:59:55', '2020-03-01 11:59:55'),
(256, 28, 'Antoinette Kilback', 'Eveniet laudantium exercitationem sit magni nemo. Soluta voluptatem repudiandae aut id enim officiis.', 3, '2020-03-01 11:59:55', '2020-03-01 11:59:55'),
(257, 47, 'Jaycee Schmidt DVM', 'Quia exercitationem consectetur autem sed et quasi provident. Tenetur in qui eum vel a dolorem. Voluptatum commodi rem corporis molestiae non nesciunt.', 2, '2020-03-01 11:59:55', '2020-03-01 11:59:55'),
(258, 30, 'Keyshawn Kulas', 'Possimus autem expedita harum facere ratione. Eos numquam similique dolores ducimus deleniti. A laborum inventore rem minima. Aut impedit qui necessitatibus eum minima minus.', 5, '2020-03-01 11:59:55', '2020-03-01 11:59:55'),
(259, 24, 'Holly Lesch', 'Ut dolore praesentium doloremque officiis iusto. Pariatur consequatur pariatur dicta molestias quod id cum eos. Magnam iure quidem aliquid modi ducimus. Rerum occaecati et adipisci perferendis.', 4, '2020-03-01 11:59:55', '2020-03-01 11:59:55'),
(260, 17, 'Dr. Donny Feil MD', 'Soluta qui ut ut distinctio. At veniam autem adipisci beatae. Quia dolor commodi nemo sit ut ratione.', 1, '2020-03-01 11:59:56', '2020-03-01 11:59:56'),
(261, 23, 'Shanel Considine', 'Accusamus molestiae veniam vitae delectus recusandae nihil officiis. Molestias et culpa nulla ut et perferendis consequatur. Voluptatem laudantium voluptatem occaecati debitis dignissimos.', 0, '2020-03-01 11:59:56', '2020-03-01 11:59:56'),
(262, 42, 'Al Collins V', 'Animi animi omnis voluptas excepturi. Mollitia quae aut soluta quaerat repellendus ea. Qui adipisci modi ea quam vero. Tempora cupiditate laboriosam incidunt.', 4, '2020-03-01 11:59:56', '2020-03-01 11:59:56'),
(263, 2, 'Humberto Hoeger', 'Ut amet et eum aspernatur eum dolorum. Ducimus ut sed placeat alias inventore voluptas repudiandae. Culpa sequi est repudiandae voluptas eum non. Qui laborum a ratione eligendi eum.', 2, '2020-03-01 11:59:57', '2020-03-01 11:59:57'),
(264, 8, 'Prof. Kirstin Flatley DDS', 'Et nihil sunt aperiam qui voluptatem sequi autem quidem. Et omnis maxime aliquam est voluptas nesciunt ut. Culpa voluptatem accusamus nulla et.', 4, '2020-03-01 11:59:57', '2020-03-01 11:59:57'),
(265, 17, 'Carmelo West', 'Non atque rem a est perspiciatis aut. Omnis tenetur dolor commodi nam occaecati dignissimos vitae. Provident rerum voluptates tempore. Et ipsa quis eius saepe fugiat incidunt corrupti. Occaecati molestias delectus quaerat et.', 1, '2020-03-01 11:59:57', '2020-03-01 11:59:57'),
(266, 24, 'Juliet Boyer', 'Sit expedita fugit asperiores dolore necessitatibus et tempora. Nemo sunt molestias sed molestias explicabo veniam aut. Nostrum nostrum accusamus sit consequuntur in excepturi. Error a natus error.', 1, '2020-03-01 11:59:57', '2020-03-01 11:59:57'),
(267, 10, 'Miss Allison Predovic Sr.', 'Corrupti alias maiores ut aut tempore dolorum non. Ducimus eligendi doloremque vitae neque. Vitae omnis ut dicta cupiditate exercitationem sit. Voluptatum rerum quisquam consequatur est.', 4, '2020-03-01 11:59:57', '2020-03-01 11:59:57'),
(268, 4, 'Nestor Douglas', 'Et totam sint aut veritatis sint voluptatum optio. Necessitatibus alias rerum et ea quo in qui vitae. Sunt doloribus sed nihil sequi sit. Dolor quis laboriosam dicta id et perferendis corrupti suscipit.', 4, '2020-03-01 11:59:57', '2020-03-01 11:59:57'),
(269, 8, 'Brandy Hermann', 'Magni quo repellat eius iusto. Quo dignissimos alias nemo voluptas saepe libero blanditiis. Quo quo eligendi dolor.', 4, '2020-03-01 11:59:58', '2020-03-01 11:59:58'),
(270, 49, 'Prof. Einar Parker', 'Doloribus sunt explicabo dolor possimus iste rerum enim nulla. Accusantium ea recusandae dolores aliquam sapiente incidunt aliquid in. Porro molestiae consequatur dolorum et sint.', 3, '2020-03-01 11:59:58', '2020-03-01 11:59:58'),
(271, 24, 'Jacinto Reichel', 'Voluptatem laborum nesciunt quia dolores natus vero. Sint aut aliquid eos. Incidunt nobis qui possimus beatae sunt. Tenetur soluta veritatis possimus odit doloremque doloremque.', 3, '2020-03-01 11:59:58', '2020-03-01 11:59:58'),
(272, 20, 'Vincent Boyer', 'Quibusdam nulla eos id velit harum et odit eos. Atque quod consequatur rerum maxime nam. Deleniti quo qui est ut. Consectetur ut qui nostrum fugiat facere sequi ad.', 4, '2020-03-01 11:59:59', '2020-03-01 11:59:59'),
(273, 2, 'Ophelia Miller', 'Totam adipisci voluptatem nam similique consequatur. Vel a numquam dignissimos aut quo debitis non. Aut tempore eum mollitia provident sed esse. Quia illum aut tempore soluta sunt aspernatur veritatis.', 3, '2020-03-01 11:59:59', '2020-03-01 11:59:59'),
(274, 17, 'Jeffrey Leannon', 'Nihil sed reprehenderit totam est officia vero. Reiciendis quis non et quisquam. Ex eaque ad quia sint a molestias consequatur.', 5, '2020-03-01 11:59:59', '2020-03-01 11:59:59'),
(275, 41, 'Isobel Ward', 'Quas ullam eum vero nam quisquam. Reprehenderit quod porro ducimus ratione. Odit cumque ut voluptas ea.', 1, '2020-03-01 11:59:59', '2020-03-01 11:59:59'),
(276, 16, 'Mr. Eldon Konopelski III', 'Repellendus laborum voluptatem autem. Ab iusto ex quas voluptate. Harum reiciendis sed illum id.', 0, '2020-03-01 11:59:59', '2020-03-01 11:59:59'),
(277, 30, 'Prof. Garett Jakubowski', 'Ipsa nam dolorem non. Placeat neque culpa ut et. Temporibus nihil sunt consequatur rerum ratione.', 4, '2020-03-01 11:59:59', '2020-03-01 11:59:59'),
(278, 32, 'Johnpaul DuBuque', 'Non ut molestias sit. Sit omnis commodi et nulla. Ut dolor corporis eum doloremque consequatur amet tempora. Illo nisi qui qui non unde ut quis.', 2, '2020-03-01 11:59:59', '2020-03-01 11:59:59'),
(279, 41, 'Raleigh Hoppe', 'Neque assumenda assumenda quam. Sunt architecto voluptatem vero ratione commodi. Deserunt laboriosam praesentium voluptas culpa ea est quibusdam voluptas. Asperiores fugiat alias aut minima perferendis sequi ad.', 3, '2020-03-01 12:00:00', '2020-03-01 12:00:00'),
(280, 10, 'Lois Hoppe', 'Autem nulla odit qui ut adipisci. Eligendi quia velit deserunt in aut. Dolores consectetur facere illum perspiciatis quaerat aspernatur quasi. Dignissimos est impedit in et sunt commodi molestiae sed.', 0, '2020-03-01 12:00:00', '2020-03-01 12:00:00'),
(281, 29, 'Dean Renner I', 'Rerum eligendi molestias ea esse neque rerum. Neque et et quaerat eligendi nam et. Dolor molestiae harum iste explicabo repellat. Rerum molestiae veritatis ullam occaecati.', 4, '2020-03-01 12:00:00', '2020-03-01 12:00:00'),
(282, 16, 'Oceane Kuhic', 'Sed culpa vero voluptates incidunt omnis consequatur. Sed aliquam exercitationem molestiae fugit voluptas.', 2, '2020-03-01 12:00:00', '2020-03-01 12:00:00'),
(283, 14, 'Garret Hodkiewicz', 'Sit non dignissimos qui vero dolore facilis dolorem. Quia soluta sapiente et eaque id. Suscipit dolorem voluptatem consequuntur sit amet eos. Illo reiciendis qui nam et eveniet.', 1, '2020-03-01 12:00:00', '2020-03-01 12:00:00'),
(284, 45, 'Willow Jakubowski', 'Non est et quis dolores quia et. Necessitatibus qui in sed cumque quisquam est. Velit dolore est qui non. Voluptas aut asperiores eum rerum magni fugiat.', 2, '2020-03-01 12:00:00', '2020-03-01 12:00:00'),
(285, 4, 'Orlando Mayer', 'Qui qui libero et magnam eaque voluptatem. Voluptate autem aut sed natus. Molestiae est in doloribus tempora. Quo autem corporis voluptatibus nam non illum animi. Laudantium libero nemo quam est autem et quaerat.', 4, '2020-03-01 12:00:01', '2020-03-01 12:00:01'),
(286, 47, 'Miss Leilani Jacobi', 'Labore ex voluptatem nobis blanditiis aspernatur consectetur. Numquam eos quis corrupti tenetur sit. Eos autem aut qui id pariatur quam. Molestiae sit iure dolorem adipisci ipsum perspiciatis.', 4, '2020-03-01 12:00:01', '2020-03-01 12:00:01'),
(287, 5, 'Dr. Vance Green V', 'Adipisci pariatur occaecati nobis magnam et dignissimos. Qui eveniet sint tempora non. Hic sequi quo voluptas rerum est sed.', 0, '2020-03-01 12:00:01', '2020-03-01 12:00:01'),
(288, 46, 'Bailee Shanahan', 'Dolor quas minima deserunt ut ea molestiae rerum. Minus earum eum nesciunt vitae ea quidem possimus dolores. Consequatur est et sed eum aut. Enim odio soluta recusandae veniam quia tempore.', 4, '2020-03-01 12:00:01', '2020-03-01 12:00:01'),
(289, 37, 'Milton Runolfsson', 'Sint quo qui ducimus laudantium et ab voluptate. Quis iusto necessitatibus molestias beatae esse enim minima.', 2, '2020-03-01 12:00:01', '2020-03-01 12:00:01'),
(290, 34, 'Skye Oberbrunner', 'Hic facere vel et repellat sint et. Asperiores ut distinctio qui natus atque et atque. Odio voluptatibus aut unde ut praesentium qui.', 4, '2020-03-01 12:00:01', '2020-03-01 12:00:01'),
(291, 50, 'Elisa Osinski', 'Sunt omnis totam voluptatem et. Illum officia labore illo sed quisquam quis ea. Neque tenetur odio recusandae repudiandae sed eos. Accusantium sint nulla quia ut quia et.', 5, '2020-03-01 12:00:01', '2020-03-01 12:00:01'),
(292, 17, 'Genevieve Bernhard', 'Tenetur iusto est voluptas ducimus a corrupti. Voluptatum quod distinctio aliquam nihil est quis nihil. Et nihil perferendis sapiente.', 1, '2020-03-01 12:00:01', '2020-03-01 12:00:01'),
(293, 2, 'Cristobal Schmeler', 'Explicabo eos beatae qui neque. Est et possimus doloribus expedita autem voluptates quod sint. Autem sequi quisquam ut qui facere.', 3, '2020-03-01 12:00:01', '2020-03-01 12:00:01'),
(294, 27, 'Reyes Wilkinson', 'Ducimus illo quibusdam minima voluptatem molestias atque rem qui. Magni nostrum cupiditate velit tempore iusto id molestias.', 5, '2020-03-01 12:00:02', '2020-03-01 12:00:02'),
(295, 40, 'Mr. Cicero Hettinger PhD', 'Tempora quidem commodi architecto aut et consectetur. Porro provident et at et repellat molestiae ut cum. Aperiam et aut ipsum minima inventore. Sit dolor velit est est debitis recusandae voluptas harum. Ipsa error error qui est animi.', 3, '2020-03-01 12:00:02', '2020-03-01 12:00:02'),
(296, 5, 'Agnes Labadie', 'Doloribus ut est ducimus dolore repellendus neque eum saepe. Deleniti asperiores dicta unde possimus eos. A ullam dolores quaerat dolore quaerat. Sed ipsa itaque dolores molestiae.', 5, '2020-03-01 12:00:02', '2020-03-01 12:00:02'),
(297, 45, 'Ashly Bashirian', 'Dolorem fugiat nobis eos inventore cupiditate ipsum tempora. Nostrum praesentium et suscipit qui vel aperiam in provident. Sit odio error corporis qui quidem minus et. Quia veritatis itaque inventore dicta dolor est. Eum inventore error asperiores omnis.', 1, '2020-03-01 12:00:02', '2020-03-01 12:00:02'),
(298, 45, 'Dr. Monserrat Barton', 'Blanditiis ipsum dolorem nobis sunt voluptatem. Praesentium eum et tempore laboriosam eius animi. Commodi exercitationem placeat occaecati quod. Eum nam sit nobis officia.', 4, '2020-03-01 12:00:02', '2020-03-01 12:00:02'),
(299, 30, 'Wayne Leuschke I', 'Dolorem ratione sunt a qui magni est ratione. Veniam temporibus earum provident velit. Sint id earum dolorem veritatis pariatur sunt.', 5, '2020-03-01 12:00:02', '2020-03-01 12:00:02'),
(300, 4, 'Prof. Kristopher Renner', 'Qui at natus aut voluptas sint rerum aut velit. Quaerat similique possimus non atque harum.', 2, '2020-03-01 12:00:03', '2020-03-01 12:00:03');

-- --------------------------------------------------------

--
-- Table structure for table `users`
--

CREATE TABLE `users` (
  `id` bigint(20) UNSIGNED NOT NULL,
  `name` varchar(255) COLLATE utf8mb4_unicode_ci NOT NULL,
  `email` varchar(255) COLLATE utf8mb4_unicode_ci NOT NULL,
  `email_verified_at` timestamp NULL DEFAULT NULL,
  `password` varchar(255) COLLATE utf8mb4_unicode_ci NOT NULL,
  `remember_token` varchar(100) COLLATE utf8mb4_unicode_ci DEFAULT NULL,
  `created_at` timestamp NULL DEFAULT NULL,
  `updated_at` timestamp NULL DEFAULT NULL
) ENGINE=InnoDB DEFAULT CHARSET=utf8mb4 COLLATE=utf8mb4_unicode_ci;

--
-- Indexes for dumped tables
--

--
-- Indexes for table `failed_jobs`
--
ALTER TABLE `failed_jobs`
  ADD PRIMARY KEY (`id`);

--
-- Indexes for table `migrations`
--
ALTER TABLE `migrations`
  ADD PRIMARY KEY (`id`);

--
-- Indexes for table `password_resets`
--
ALTER TABLE `password_resets`
  ADD KEY `password_resets_email_index` (`email`);

--
-- Indexes for table `products`
--
ALTER TABLE `products`
  ADD PRIMARY KEY (`id`);

--
-- Indexes for table `reviews`
--
ALTER TABLE `reviews`
  ADD PRIMARY KEY (`id`),
  ADD KEY `reviews_product_id_index` (`product_id`);

--
-- Indexes for table `users`
--
ALTER TABLE `users`
  ADD PRIMARY KEY (`id`),
  ADD UNIQUE KEY `users_email_unique` (`email`);

--
-- AUTO_INCREMENT for dumped tables
--

--
-- AUTO_INCREMENT for table `failed_jobs`
--
ALTER TABLE `failed_jobs`
  MODIFY `id` bigint(20) UNSIGNED NOT NULL AUTO_INCREMENT;

--
-- AUTO_INCREMENT for table `migrations`
--
ALTER TABLE `migrations`
  MODIFY `id` int(10) UNSIGNED NOT NULL AUTO_INCREMENT, AUTO_INCREMENT=6;

--
-- AUTO_INCREMENT for table `products`
--
ALTER TABLE `products`
  MODIFY `id` bigint(20) UNSIGNED NOT NULL AUTO_INCREMENT, AUTO_INCREMENT=51;

--
-- AUTO_INCREMENT for table `reviews`
--
ALTER TABLE `reviews`
  MODIFY `id` bigint(20) UNSIGNED NOT NULL AUTO_INCREMENT, AUTO_INCREMENT=301;

--
-- AUTO_INCREMENT for table `users`
--
ALTER TABLE `users`
  MODIFY `id` bigint(20) UNSIGNED NOT NULL AUTO_INCREMENT;

--
-- Constraints for dumped tables
--

--
-- Constraints for table `reviews`
--
ALTER TABLE `reviews`
  ADD CONSTRAINT `reviews_product_id_foreign` FOREIGN KEY (`product_id`) REFERENCES `products` (`id`) ON DELETE CASCADE;
COMMIT;

/*!40101 SET CHARACTER_SET_CLIENT=@OLD_CHARACTER_SET_CLIENT */;
/*!40101 SET CHARACTER_SET_RESULTS=@OLD_CHARACTER_SET_RESULTS */;
/*!40101 SET COLLATION_CONNECTION=@OLD_COLLATION_CONNECTION */;
